Model,Configuration,lumber,plywood: 2654,MDF,Veneer,nails,,staple,glue,fabric,thread,foam,foam glue: 2501,fiber padding (100g): 2509,fiber padding (200g): 2697,fiber ball: 2584,duck down,goose down,legs,base,Webbing:4874,packing,carpenter,seamstress,foam labor,Upholster labor,Packing labor,Labor Total,Manufacture total,Overhead,50% profit ,30% profit,Retail
AC-1091,Accent Pillow,,,,,,,,,,,,,,,,,,,,,,,,,,,0,0,0,0,0,
AC-1091,Bench,,,,,,,,,,,,,,,,,,,,,,,,,,,0,0,0,0,0,
AC-1093,Chaise Lounge,,,,,,,,,,,,,,,,,,,,,,,,,,,0,0,0,0,0,
AC-2002,Arm Chair,,,,,,,,,,,,,,,,,,,,,,,,,,,0,0,0,0,0,
AC-2005,Armless Loveseat,,,,,,,,,,,,,,,,,,,,,,,,,,,0,0,0,0,0,
AC-2005,Armless Sofa,,,,,,,,,,,,,,,,,,,,,,,,,,,0,0,0,0,0,
AC-2005,Chair,,,,,,,,,,,,,,,,,,,,,,,,,,,0,0,0,0,0,
AC-2005,Corner,,,,,,,,,,,,,,,,,,,,,,,,,,,0,0,0,0,0,
AC-2005,Corner with Armless Bumper,,,,,,,,,,,,,,,,,,,,,,,,,,,0,0,0,0,0,
AC-2005,Corner with Bumper,,,,,,,,,,,,,,,,,,,,,,,,,,,0,0,0,0,0,
AC-2005,Large Sofa,,,,,,,,,,,,,,,,,,,,,,,,,,,0,0,0,0,0,
AC-2005,Left One-Arm Chaise,,,,,,,,,,,,,,,,,,,,,,,,,,,0,0,0,0,0,
AC-2005,Left One-Arm Large Sofa,,,,,,,,,,,,,,,,,,,,,,,,,,,0,0,0,0,0,
AC-2005,Left One-Arm Loveseat,,,,,,,,,,,,,,,,,,,,,,,,,,,0,0,0,0,0,
AC-2005,Left One-Arm Sofa,,,,,,,,,,,,,,,,,,,,,,,,,,,0,0,0,0,0,
AC-2005,Loveseat,,,,,,,,,,,,,,,,,,,,,,,,,,,0,0,0,0,0,
AC-2005,Ottoman,,,,,,,,,,,,,,,,,,,,,,,,,,,0,0,0,0,0,
AC-2005,Right One-Arm Chaise,,,,,,,,,,,,,,,,,,,,,,,,,,,0,0,0,0,0,
AC-2005,Right One-Arm Large Sofa,,,,,,,,,,,,,,,,,,,,,,,,,,,0,0,0,0,0,
AC-2005,Right One-Arm Loveseat,,,,,,,,,,,,,,,,,,,,,,,,,,,0,0,0,0,0,
AC-2005,Right One-Arm Sofa,,,,,,,,,,,,,,,,,,,,,,,,,,,0,0,0,0,0,
AC-2005,Sofa,,,,,,,,,,,,,,,,,,,,,,,,,,,0,0,0,0,0,
AC-2008,Armless Loveseat with Bumper,,,,,,,,,,,,,,,,,,,,,,,,,,,0,0,0,0,0,
AC-2008,Armless Sofa with Bumper,,,,,,,,,,,,,,,,,,,,,,,,,,,0,0,0,0,0,
AC-2008,Chair,,,,,,,,,,,,,,,,,,,,,,,,,,,0,0,0,0,0,
AC-2008,Corner,,,,,,,,,,,,,,,,,,,,,,,,,,,0,0,0,0,0,
AC-2008,Left One-Arm Chaise,,,,,,,,,,,,,,,,,,,,,,,,,,,0,0,0,0,0,
AC-2008,Left One-Arm Loveseat,,,,,,,,,,,,,,,,,,,,,,,,,,,0,0,0,0,0,
AC-2008,Left One-Arm Loveseat with Bumper,,,,,,,,,,,,,,,,,,,,,,,,,,,0,0,0,0,0,
AC-2008,Left One-Arm Sofa,,,,,,,,,,,,,,,,,,,,,,,,,,,0,0,0,0,0,
AC-2008,Left One-Arm Sofa with Bumper,,,,,,,,,,,,,,,,,,,,,,,,,,,0,0,0,0,0,
AC-2008,Loveseat,,,,,,,,,,,,,,,,,,,,,,,,,,,0,0,0,0,0,
AC-2008,Ottoman,,,,,,,,,,,,,,,,,,,,,,,,,,,0,0,0,0,0,
AC-2008,Return Loveseat with Bumper,,,,,,,,,,,,,,,,,,,,,,,,,,,0,0,0,0,0,
AC-2008,Return Sofa with Bumper,,,,,,,,,,,,,,,,,,,,,,,,,,,0,0,0,0,0,
AC-2008,Right One-Arm Chaise,,,,,,,,,,,,,,,,,,,,,,,,,,,0,0,0,0,0,
AC-2008,Right One-Arm Loveseat,,,,,,,,,,,,,,,,,,,,,,,,,,,0,0,0,0,0,
AC-2008,Right One-Arm Loveseat with Bumper,,,,,,,,,,,,,,,,,,,,,,,,,,,0,0,0,0,0,
AC-2008,Right One-Arm Sofa,,,,,,,,,,,,,,,,,,,,,,,,,,,0,0,0,0,0,
AC-2008,Right One-Arm Sofa with Bumper,,,,,,,,,,,,,,,,,,,,,,,,,,,0,0,0,0,0,
AC-2008,Sofa,,,,,,,,,,,,,,,,,,,,,,,,,,,0,0,0,0,0,
AC-2012,Left One-Arm Loveseat,,,,,,,,,,,,,,,,,,,,,,,,,,,0,0,0,0,0,
AC-2012,Loveseat,,,,,,,,,,,,,,,,,,,,,,,,,,,0,0,0,0,0,
AC-2012,Right One-Arm Loveseat,,,,,,,,,,,,,,,,,,,,,,,,,,,0,0,0,0,0,
AC-2021,Bench,,,,,,,,,,,,,,,,,,,,,,,,,,,0,0,0,0,0,
AC-2021,Corner,,,,,,,,,,,,,,,,,,,,,,,,,,,0,0,0,0,0,
AC-2021,Left Armless Bumper,,,,,,,,,,,,,,,,,,,,,,,,,,,0,0,0,0,0,
AC-2021,Left One-Arm Chaise,,,,,,,,,,,,,,,,,,,,,,,,,,,0,0,0,0,0,
AC-2021,Left One-Arm Loveseat,,,,,,,,,,,,,,,,,,,,,,,,,,,0,0,0,0,0,
AC-2021,Left One-Arm Sofa,,,,,,,,,,,,,,,,,,,,,,,,,,,0,0,0,0,0,
AC-2021,Loveseat,,,,,,,,,,,,,,,,,,,,,,,,,,,0,0,0,0,0,
AC-2021,Right Armless Bumper,,,,,,,,,,,,,,,,,,,,,,,,,,,0,0,0,0,0,
AC-2021,Right One-Arm Chaise,,,,,,,,,,,,,,,,,,,,,,,,,,,0,0,0,0,0,
AC-2021,Right One-Arm Loveseat,,,,,,,,,,,,,,,,,,,,,,,,,,,0,0,0,0,0,
AC-2021,Right One-Arm Sofa,,,,,,,,,,,,,,,,,,,,,,,,,,,0,0,0,0,0,
AC-2021,Sofa,,,,,,,,,,,,,,,,,,,,,,,,,,,0,0,0,0,0,
AC-2022,Armless Chair,,,,,,,,,,,,,,,,,,,,,,,,,,,0,0,0,0,0,
AC-2022,Bumper,,,,,,,,,,,,,,,,,,,,,,,,,,,0,0,0,0,0,
AC-2022,Chair,,,,,,,,,,,,,,,,,,,,,,,,,,,0,0,0,0,0,
AC-2022,Corner,,,,,,,,,,,,,,,,,,,,,,,,,,,0,0,0,0,0,
AC-2022,Left Armless Bumper,,,,,,,,,,,,,,,,,,,,,,,,,,,0,0,0,0,0,
AC-2022,Left One-Arm Chair,,,,,,,,,,,,,,,,,,,,,,,,,,,0,0,0,0,0,
AC-2022,Left One-Arm Chaise,,,,,,,,,,,,,,,,,,,,,,,,,,,0,0,0,0,0,
AC-2022,Left One-Arm Loveseat,,,,,,,,,,,,,,,,,,,,,,,,,,,0,0,0,0,0,
AC-2022,Left One-Arm Sofa,,,,,,,,,,,,,,,,,,,,,,,,,,,0,0,0,0,0,
AC-2022,Loveseat,,,,,,,,,,,,,,,,,,,,,,,,,,,0,0,0,0,0,
AC-2022,Ottoman,,,,,,,,,,,,,,,,,,,,,,,,,,,0,0,0,0,0,
AC-2022,Right Armless Bumper,,,,,,,,,,,,,,,,,,,,,,,,,,,0,0,0,0,0,
AC-2022,Right One-Arm Chair,,,,,,,,,,,,,,,,,,,,,,,,,,,0,0,0,0,0,
AC-2022,Right One-Arm Chaise,,,,,,,,,,,,,,,,,,,,,,,,,,,0,0,0,0,0,
AC-2022,Right One-Arm Loveseat,,,,,,,,,,,,,,,,,,,,,,,,,,,0,0,0,0,0,
AC-2022,Right One-Arm Sofa,,,,,,,,,,,,,,,,,,,,,,,,,,,0,0,0,0,0,
AC-2022,Sofa,,,,,,,,,,,,,,,,,,,,,,,,,,,0,0,0,0,0,
AC-2023,Bench,,,,,,,,,,,,,,,,,,,,,,,,,,,0,0,0,0,0,
AC-2023,Chaise Lounge,,,,,,,,,,,,,,,,,,,,,,,,,,,0,0,0,0,0,
AC-2024,Bench,,,,,,,,,,,,,,,,,,,,,,,,,,,0,0,0,0,0,
AC-2024,Chair,,,,,,,,,,,,,,,,,,,,,,,,,,,0,0,0,0,0,
AC-2024,Loveseat,,,,,,,,,,,,,,,,,,,,,,,,,,,0,0,0,0,0,
AC-2024,Ottoman,,,,,,,,,,,,,,,,,,,,,,,,,,,0,0,0,0,0,
AC-2024,Sofa,,,,,,,,,,,,,,,,,,,,,,,,,,,0,0,0,0,0,
AC-2027,Corner,,,,,,,,,,,,,,,,,,,,,,,,,,,0,0,0,0,0,
AC-2027,Left One-Arm Chaise,,,,,,,,,,,,,,,,,,,,,,,,,,,0,0,0,0,0,
AC-2027,Left One-Arm Loveseat,,,,,,,,,,,,,,,,,,,,,,,,,,,0,0,0,0,0,
AC-2027,Left One-Arm Sofa,,,,,,,,,,,,,,,,,,,,,,,,,,,0,0,0,0,0,
AC-2027,Loveseat,,,,,,,,,,,,,,,,,,,,,,,,,,,0,0,0,0,0,
AC-2027,Ottoman,,,,,,,,,,,,,,,,,,,,,,,,,,,0,0,0,0,0,
AC-2027,Right One-Arm Chaise,,,,,,,,,,,,,,,,,,,,,,,,,,,0,0,0,0,0,
AC-2027,Right One-Arm Loveseat,,,,,,,,,,,,,,,,,,,,,,,,,,,0,0,0,0,0,
AC-2027,Right One-Arm Sofa,,,,,,,,,,,,,,,,,,,,,,,,,,,0,0,0,0,0,
AC-2027,Sofa,,,,,,,,,,,,,,,,,,,,,,,,,,,0,0,0,0,0,
AC-2029,Chair,,,,,,,,,,,,,,,,,,,,,,,,,,,0,0,0,0,0,
AC-2029,Large Ottoman,,,,,,,,,,,,,,,,,,,,,,,,,,,0,0,0,0,0,
AC-2029,Loveseat,,,,,,,,,,,,,,,,,,,,,,,,,,,0,0,0,0,0,
AC-2029,Small Ottoman,,,,,,,,,,,,,,,,,,,,,,,,,,,0,0,0,0,0,
AC-2029,Sofa,,,,,,,,,,,,,,,,,,,,,,,,,,,0,0,0,0,0,
AC-2029,Sofa with High-Low Back,,,,,,,,,,,,,,,,,,,,,,,,,,,0,0,0,0,0,
AC-2030,Armless Loveseat with Bookshelf and Table,,,,,,,,,,,,,,,,,,,,,,,,,,,0,0,0,0,0,
AC-2030,Armless Loveseat with Bumper and Table,,,,,,,,,,,,,,,,,,,,,,,,,,,0,0,0,0,0,
AC-2030,Armless Loveseat with Table,,,,,,,,,,,,,,,,,,,,,,,,,,,0,0,0,0,0,
AC-2030,Corner,,,,,,,,,,,,,,,,,,,,,,,,,,,0,0,0,0,0,
AC-2030,Left One-Arm Loveseat with Table,,,,,,,,,,,,,,,,,,,,,,,,,,,0,0,0,0,0,
AC-2030,Ottoman with Table,,,,,,,,,,,,,,,,,,,,,,,,,,,0,0,0,0,0,
AC-2030,Right One-Arm Loveseat with Table,,,,,,,,,,,,,,,,,,,,,,,,,,,0,0,0,0,0,
AC-2030,Table,,,,,,,,,,,,,,,,,,,,,,,,,,,0,0,0,0,0,
AC-2031,Sofa,,,,,,,,,,,,,,,,,,,,,,,,,,,0,0,0,0,0,
AC-2032,Chair,,,,,,,,,,,,,,,,,,,,,,,,,,,0,0,0,0,0,
AC-2032,Chaise,,,,,,,,,,,,,,,,,,,,,,,,,,,0,0,0,0,0,
AC-2032,Loveseat,,,,,,,,,,,,,,,,,,,,,,,,,,,0,0,0,0,0,
AC-2032,Ottoman,,,,,,,,,,,,,,,,,,,,,,,,,,,0,0,0,0,0,
AC-2032,Sofa,,,,,,,,,,,,,,,,,,,,,,,,,,,0,0,0,0,0,
AC-2033,Armless Chair,,,,,,,,,,,,,,,,,,,,,,,,,,,0,0,0,0,0,
AC-2033,Left Armless with Bumper,,,,,,,,,,,,,,,,,,,,,,,,,,,0,0,0,0,0,
AC-2033,Left One-Arm Chair,,,,,,,,,,,,,,,,,,,,,,,,,,,0,0,0,0,0,
AC-2033,Ottoman,,,,,,,,,,,,,,,,,,,,,,,,,,,0,0,0,0,0,
AC-2033,Right Armless with Bumper,,,,,,,,,,,,,,,,,,,,,,,,,,,0,0,0,0,0,
AC-2033,Right One-Arm Chair,,,,,,,,,,,,,,,,,,,,,,,,,,,0,0,0,0,0,
AC-2040,Armless Loveseat,,,,,,,,,,,,,,,,,,,,,,,,,,,0,0,0,0,0,
AC-2040,Corner,,,,,,,,,,,,,,,,,,,,,,,,,,,0,0,0,0,0,
AC-2040,Left Armless Chair with Bumper,,,,,,,,,,,,,,,,,,,,,,,,,,,0,0,0,0,0,
AC-2040,Left One-Arm Chair with Bumper,,,,,,,,,,,,,,,,,,,,,,,,,,,0,0,0,0,0,
AC-2040,Left One-Arm Chaise,,,,,,,,,,,,,,,,,,,,,,,,,,,0,0,0,0,0,
AC-2040,Left One-Arm Loveseat,,,,,,,,,,,,,,,,,,,,,,,,,,,0,0,0,0,0,
AC-2040,Ottoman,,,,,,,,,,,,,,,,,,,,,,,,,,,0,0,0,0,0,
AC-2040,Right Armless Chair with Bumper,,,,,,,,,,,,,,,,,,,,,,,,,,,0,0,0,0,0,
AC-2040,Right One-Arm Chair with Bumper,,,,,,,,,,,,,,,,,,,,,,,,,,,0,0,0,0,0,
AC-2040,Right One-Arm Chaise,,,,,,,,,,,,,,,,,,,,,,,,,,,0,0,0,0,0,
AC-2040,Right One-Arm Loveseat,,,,,,,,,,,,,,,,,,,,,,,,,,,0,0,0,0,0,
AC-2040,Sofa,,,,,,,,,,,,,,,,,,,,,,,,,,,0,0,0,0,0,
AC-2042,Armless Loveseat,,,,,,,,,,,,,,,,,,,,,,,,,,,0,0,0,0,0,
AC-2042,Corner,,,,,,,,,,,,,,,,,,,,,,,,,,,0,0,0,0,0,
AC-2042,Corner with Bumper,,,,,,,,,,,,,,,,,,,,,,,,,,,0,0,0,0,0,
AC-2042,Left One-Arm Chaise,,,,,,,,,,,,,,,,,,,,,,,,,,,0,0,0,0,0,
AC-2042,Left One-Arm Loveseat,,,,,,,,,,,,,,,,,,,,,,,,,,,0,0,0,0,0,
AC-2042,Loveseat,,,,,,,,,,,,,,,,,,,,,,,,,,,0,0,0,0,0,
AC-2042,Ottoman,,,,,,,,,,,,,,,,,,,,,,,,,,,0,0,0,0,0,
AC-2042,Right One-Arm Chaise,,,,,,,,,,,,,,,,,,,,,,,,,,,0,0,0,0,0,
AC-2042,Right One-Arm Loveseat,,,,,,,,,,,,,,,,,,,,,,,,,,,0,0,0,0,0,
AC-2042,Sofa,,,,,,,,,,,,,,,,,,,,,,,,,,,0,0,0,0,0,
AC-2043,Armless Chair with Bumper,,,,,,,,,,,,,,,,,,,,,,,,,,,0,0,0,0,0,
AC-2043,Armless Chair with Table,,,,,,,,,,,,,,,,,,,,,,,,,,,0,0,0,0,0,
AC-2043,Armless Loveseat,,,,,,,,,,,,,,,,,,,,,,,,,,,0,0,0,0,0,
AC-2043,Armless Loveseat with Bumper,,,,,,,,,,,,,,,,,,,,,,,,,,,0,0,0,0,0,
AC-2043,Armless Loveseat with Table,,,,,,,,,,,,,,,,,,,,,,,,,,,0,0,0,0,0,
AC-2043,Corner Bumper with Table,,,,,,,,,,,,,,,,,,,,,,,,,,,0,0,0,0,0,
AC-2043,Left One-Arm Chair with Table,,,,,,,,,,,,,,,,,,,,,,,,,,,0,0,0,0,0,
AC-2043,Left One-Arm Loveseat,,,,,,,,,,,,,,,,,,,,,,,,,,,0,0,0,0,0,
AC-2043,Left One-Arm Sofa with Table,,,,,,,,,,,,,,,,,,,,,,,,,,,0,0,0,0,0,
AC-2043,Platform,,,,,,,,,,,,,,,,,,,,,,,,,,,0,0,0,0,0,
AC-2043,Right One-Arm Chair with Table,,,,,,,,,,,,,,,,,,,,,,,,,,,0,0,0,0,0,
AC-2043,Right One-Arm Loveseat,,,,,,,,,,,,,,,,,,,,,,,,,,,0,0,0,0,0,
AC-2043,Right One-Arm Sofa with Table,,,,,,,,,,,,,,,,,,,,,,,,,,,0,0,0,0,0,
AC-2043,Round Corner,,,,,,,,,,,,,,,,,,,,,,,,,,,0,0,0,0,0,
AC-2043,Square Corner,,,,,,,,,,,,,,,,,,,,,,,,,,,0,0,0,0,0,
AC-2048,Armless Loveseat,,,,,,,,,,,,,,,,,,,,,,,,,,,0,0,0,0,0,
AC-2048,Armless Sofa with Right Corner,,,,,,,,,,,,,,,,,,,,,,,,,,,0,0,0,0,0,
AC-2048,Chair,,,,,,,,,,,,,,,,,,,,,,,,,,,0,0,0,0,0,
AC-2048,Corner,,,,,,,,,,,,,,,,,,,,,,,,,,,0,0,0,0,0,
AC-2048,Left One-Arm Chair,,,,,,,,,,,,,,,,,,,,,,,,,,,0,0,0,0,0,
AC-2048,Left One-Arm Chaise,,,,,,,,,,,,,,,,,,,,,,,,,,,0,0,0,0,0,
AC-2048,Left One-Arm Loveseat,,,,,,,,,,,,,,,,,,,,,,,,,,,0,0,0,0,0,
AC-2048,Left One-Arm Sofa,,,,,,,,,,,,,,,,,,,,,,,,,,,0,0,0,0,0,
AC-2048,Loveseat,,,,,,,,,,,,,,,,,,,,,,,,,,,0,0,0,0,0,
AC-2048,Ottoman,,,,,,,,,,,,,,,,,,,,,,,,,,,0,0,0,0,0,
AC-2048,Right One-Arm Chair,,,,,,,,,,,,,,,,,,,,,,,,,,,0,0,0,0,0,
AC-2048,Right One-Arm Chaise,,,,,,,,,,,,,,,,,,,,,,,,,,,0,0,0,0,0,
AC-2048,Right One-Arm Loveseat,,,,,,,,,,,,,,,,,,,,,,,,,,,0,0,0,0,0,
AC-2048,Right One-Arm Sofa,,,,,,,,,,,,,,,,,,,,,,,,,,,0,0,0,0,0,
AC-2048,Sofa,,,,,,,,,,,,,,,,,,,,,,,,,,,0,0,0,0,0,
AC-2051,Armless Loveseat with Bumper,,,,,,,,,,,,,,,,,,,,,,,,,,,0,0,0,0,0,
AC-2051,Armless Sofa with Bumper,,,,,,,,,,,,,,,,,,,,,,,,,,,0,0,0,0,0,
AC-2051,Corner with Armless Bumper,,,,,,,,,,,,,,,,,,,,,,,,,,,0,0,0,0,0,
AC-2051,Day Bed,,,,,,,,,,,,,,,,,,,,,,,,,,,0,0,0,0,0,
AC-2051,Left One-Arm Chair with Corner,,,,,,,,,,,,,,,,,,,,,,,,,,,0,0,0,0,0,
AC-2051,Left One-Arm Loveseat with Corner,,,,,,,,,,,,,,,,,,,,,,,,,,,0,0,0,0,0,
AC-2051,Left One-Arm Sofa,,,,,,,,,,,,,,,,,,,,,,,,,,,0,0,0,0,0,
AC-2051,Loveseat,,,,,,,,,,,,,,,,,,,,,,,,,,,0,0,0,0,0,
AC-2051,Right One-Arm Chair with Corner,,,,,,,,,,,,,,,,,,,,,,,,,,,0,0,0,0,0,
AC-2051,Right One-Arm Loveseat with Corner,,,,,,,,,,,,,,,,,,,,,,,,,,,0,0,0,0,0,
AC-2051,Right One-Arm Sofa,,,,,,,,,,,,,,,,,,,,,,,,,,,0,0,0,0,0,
AC-2051,Sofa,,,,,,,,,,,,,,,,,,,,,,,,,,,0,0,0,0,0,
AC-2053,Armless Loveseat,,,,,,,,,,,,,,,,,,,,,,,,,,,0,0,0,0,0,
AC-2053,Corner,,,,,,,,,,,,,,,,,,,,,,,,,,,0,0,0,0,0,
AC-2053,Left Armless Chair with Bumper,,,,,,,,,,,,,,,,,,,,,,,,,,,0,0,0,0,0,
AC-2053,Left Armless Loveseat with Bumper,,,,,,,,,,,,,,,,,,,,,,,,,,,0,0,0,0,0,
AC-2053,Left One-Arm Chair,,,,,,,,,,,,,,,,,,,,,,,,,,,0,0,0,0,0,
AC-2053,Left One-Arm Chaise,,,,,,,,,,,,,,,,,,,,,,,,,,,0,0,0,0,0,
AC-2053,Left One-Arm Loveseat,,,,,,,,,,,,,,,,,,,,,,,,,,,0,0,0,0,0,
AC-2053,Loveseat,,,,,,,,,,,,,,,,,,,,,,,,,,,0,0,0,0,0,
AC-2053,Ottoman,,,,,,,,,,,,,,,,,,,,,,,,,,,0,0,0,0,0,
AC-2053,Right Armless Chair with Bumper,,,,,,,,,,,,,,,,,,,,,,,,,,,0,0,0,0,0,
AC-2053,Right Armless Loveseat with Bumper,,,,,,,,,,,,,,,,,,,,,,,,,,,0,0,0,0,0,
AC-2053,Right One-Arm Chair,,,,,,,,,,,,,,,,,,,,,,,,,,,0,0,0,0,0,
AC-2053,Right One-Arm Chaise,,,,,,,,,,,,,,,,,,,,,,,,,,,0,0,0,0,0,
AC-2053,Right One-Arm Loveseat,,,,,,,,,,,,,,,,,,,,,,,,,,,0,0,0,0,0,
AC-2053,Sofa,,,,,,,,,,,,,,,,,,,,,,,,,,,0,0,0,0,0,
AC-2055,Armless Chair,,,,,,,,,,,,,,,,,,,,,,,,,,,0,0,0,0,0,
AC-2055,Bumper,,,,,,,,,,,,,,,,,,,,,,,,,,,0,0,0,0,0,
AC-2055,Corner,,,,,,,,,,,,,,,,,,,,,,,,,,,0,0,0,0,0,
AC-2055,Left One-Arm Chair,,,,,,,,,,,,,,,,,,,,,,,,,,,0,0,0,0,0,
AC-2055,Left One-Arm Chaise,,,,,,,,,,,,,,,,,,,,,,,,,,,0,0,0,0,0,
AC-2055,Left One-Arm Chaise with Bumper,,,,,,,,,,,,,,,,,,,,,,,,,,,0,0,0,0,0,
AC-2055,Right One-Arm Chair,,,,,,,,,,,,,,,,,,,,,,,,,,,0,0,0,0,0,
AC-2055,Right One-Arm Chaise,,,,,,,,,,,,,,,,,,,,,,,,,,,0,0,0,0,0,
AC-2055,Right One-Arm Chaise with Bumper,,,,,,,,,,,,,,,,,,,,,,,,,,,0,0,0,0,0,
AC-2078,Armless Loveseat,,,,,,,,,,,,,,,,,,,,,,,,,,,0,0,0,0,0,
AC-2078,Chair,,,,,,,,,,,,,,,,,,,,,,,,,,,0,0,0,0,0,
AC-2078,Corner,,,,,,,,,,,,,,,,,,,,,,,,,,,0,0,0,0,0,
AC-2078,Left Corner with Armless Loveseat Bumper,,,,,,,,,,,,,,,,,,,,,,,,,,,0,0,0,0,0,
AC-2078,Left Corner with Bumper,,,,,,,,,,,,,,,,,,,,,,,,,,,0,0,0,0,0,
AC-2078,Left One-Arm Chaise,,,,,,,,,,,,,,,,,,,,,,,,,,,0,0,0,0,0,
AC-2078,Left One-Arm Loveseat,,,,,,,,,,,,,,,,,,,,,,,,,,,0,0,0,0,0,
AC-2078,Left One-Arm Loveseat with Bumper,,,,,,,,,,,,,,,,,,,,,,,,,,,0,0,0,0,0,
AC-2078,Left One-Arm Sofa,,,,,,,,,,,,,,,,,,,,,,,,,,,0,0,0,0,0,
AC-2078,Loveseat,,,,,,,,,,,,,,,,,,,,,,,,,,,0,0,0,0,0,
AC-2078,Ottoman,,,,,,,,,,,,,,,,,,,,,,,,,,,0,0,0,0,0,
AC-2078,Right Corner with Armless Loveseat Bumper,,,,,,,,,,,,,,,,,,,,,,,,,,,0,0,0,0,0,
AC-2078,Right Corner with Bumper,,,,,,,,,,,,,,,,,,,,,,,,,,,0,0,0,0,0,
AC-2078,Right One-Arm Chaise,,,,,,,,,,,,,,,,,,,,,,,,,,,0,0,0,0,0,
AC-2078,Right One-Arm Loveseat,,,,,,,,,,,,,,,,,,,,,,,,,,,0,0,0,0,0,
AC-2078,Right One-Arm Loveseat with Bumper,,,,,,,,,,,,,,,,,,,,,,,,,,,0,0,0,0,0,
AC-2078,Right One-Arm Sofa,,,,,,,,,,,,,,,,,,,,,,,,,,,0,0,0,0,0,
AC-2078,Sofa,,,,,,,,,,,,,,,,,,,,,,,,,,,0,0,0,0,0,
AC-2080,Corner,,,,,,,,,,,,,,,,,,,,,,,,,,,0,0,0,0,0,
AC-2080,Left Armless Loveseat with Bumper,,,,,,,,,,,,,,,,,,,,,,,,,,,0,0,0,0,0,
AC-2080,Left One-Arm Chaise,,,,,,,,,,,,,,,,,,,,,,,,,,,0,0,0,0,0,
AC-2080,Left One-Arm Sofa,,,,,,,,,,,,,,,,,,,,,,,,,,,0,0,0,0,0,
AC-2080,Left One-Arm Sofa with Corner,,,,,,,,,,,,,,,,,,,,,,,,,,,0,0,0,0,0,
AC-2080,Loveseat,,,,,,,,,,,,,,,,,,,,,,,,,,,0,0,0,0,0,
AC-2080,Ottoman,,,,,,,,,,,,,,,,,,,,,,,,,,,0,0,0,0,0,
AC-2080,Right Armless Loveseat with Bumper,,,,,,,,,,,,,,,,,,,,,,,,,,,0,0,0,0,0,
AC-2080,Right One-Arm Chaise,,,,,,,,,,,,,,,,,,,,,,,,,,,0,0,0,0,0,
AC-2080,Right One-Arm Loveseat,,,,,,,,,,,,,,,,,,,,,,,,,,,0,0,0,0,0,
AC-2080,Right One-Arm Sofa,,,,,,,,,,,,,,,,,,,,,,,,,,,0,0,0,0,0,
AC-2080,Right One-Arm Sofa with Corner,,,,,,,,,,,,,,,,,,,,,,,,,,,0,0,0,0,0,
AC-2080,Sofa,,,,,,,,,,,,,,,,,,,,,,,,,,,0,0,0,0,0,
AC-2081,Armless Chair,,,,,,,,,,,,,,,,,,,,,,,,,,,0,0,0,0,0,
AC-2081,Armless Loveseat,,,,,,,,,,,,,,,,,,,,,,,,,,,0,0,0,0,0,
AC-2081,Corner,,,,,,,,,,,,,,,,,,,,,,,,,,,0,0,0,0,0,
AC-2081,Left One-Arm Chair,,,,,,,,,,,,,,,,,,,,,,,,,,,0,0,0,0,0,
AC-2081,Left One-Arm Chaise,,,,,,,,,,,,,,,,,,,,,,,,,,,0,0,0,0,0,
AC-2081,Left One-Arm Loveseat,,,,,,,,,,,,,,,,,,,,,,,,,,,0,0,0,0,0,
AC-2081,Ottoman,,,,,,,,,,,,,,,,,,,,,,,,,,,0,0,0,0,0,
AC-2081,Right One-Arm Chair,,,,,,,,,,,,,,,,,,,,,,,,,,,0,0,0,0,0,
AC-2081,Right One-Arm Chaise,,,,,,,,,,,,,,,,,,,,,,,,,,,0,0,0,0,0,
AC-2081,Right One-Arm Loveseat,,,,,,,,,,,,,,,,,,,,,,,,,,,0,0,0,0,0,
AC-2082,Armless Loveseat,,,,,,,,,,,,,,,,,,,,,,,,,,,0,0,0,0,0,
AC-2082,Chair,,,,,,,,,,,,,,,,,,,,,,,,,,,0,0,0,0,0,
AC-2082,Corner,,,,,,,,,,,,,,,,,,,,,,,,,,,0,0,0,0,0,
AC-2082,Left One-Arm Chaise,,,,,,,,,,,,,,,,,,,,,,,,,,,0,0,0,0,0,
AC-2082,Left One-Arm Loveseat,,,,,,,,,,,,,,,,,,,,,,,,,,,0,0,0,0,0,
AC-2082,Left One-Arm Sofa,,,,,,,,,,,,,,,,,,,,,,,,,,,0,0,0,0,0,
AC-2082,Loveseat,,,,,,,,,,,,,,,,,,,,,,,,,,,0,0,0,0,0,
AC-2082,Ottoman,,,,,,,,,,,,,,,,,,,,,,,,,,,0,0,0,0,0,
AC-2082,Right One-Arm Chaise,,,,,,,,,,,,,,,,,,,,,,,,,,,0,0,0,0,0,
AC-2082,Right One-Arm Loveseat,,,,,,,,,,,,,,,,,,,,,,,,,,,0,0,0,0,0,
AC-2082,Right One-Arm Sofa,,,,,,,,,,,,,,,,,,,,,,,,,,,0,0,0,0,0,
AC-2082,Sofa,,,,,,,,,,,,,,,,,,,,,,,,,,,0,0,0,0,0,
AC-2086,Armless Chair,,,,,,,,,,,,,,,,,,,,,,,,,,,0,0,0,0,0,
AC-2086,Corner,,,,,,,,,,,,,,,,,,,,,,,,,,,0,0,0,0,0,
AC-2086,Left Armless Bumper,,,,,,,,,,,,,,,,,,,,,,,,,,,0,0,0,0,0,
AC-2086,Left One-Arm Chair,,,,,,,,,,,,,,,,,,,,,,,,,,,0,0,0,0,0,
AC-2086,Left One-Arm Chaise,,,,,,,,,,,,,,,,,,,,,,,,,,,0,0,0,0,0,
AC-2086,Ottoman,,,,,,,,,,,,,,,,,,,,,,,,,,,0,0,0,0,0,
AC-2086,Right Armless Bumper,,,,,,,,,,,,,,,,,,,,,,,,,,,0,0,0,0,0,
AC-2086,Right One-Arm Chair,,,,,,,,,,,,,,,,,,,,,,,,,,,0,0,0,0,0,
AC-2086,Right One-Arm Chaise,,,,,,,,,,,,,,,,,,,,,,,,,,,0,0,0,0,0,
AC-2086,Sofa,,,,,,,,,,,,,,,,,,,,,,,,,,,0,0,0,0,0,
,,,,,,,,,,,,,,,,,,,,,,,,,,,,0,0,0,0,0,
AC-2091,Chair,,,,,,,,,,,,,,,,,,,,,,,,,,,0,0,0,0,0,
AC-2091,Loveseat,,,,,,,,,,,,,,,,,,,,,,,,,,,0,0,0,0,0,
AC-2091,Ottoman,,,,,,,,,,,,,,,,,,,,,,,,,,,0,0,0,0,0,
AC-2091,Sofa,,,,,,,,,,,,,,,,,,,,,,,,,,,0,0,0,0,0,
AC-2097,Armless Chair,,,,,,,,,,,,,,,,,,,,,,,,,,,0,0,0,0,0,
AC-2097,Armless Loveseat,,,,,,,,,,,,,,,,,,,,,,,,,,,0,0,0,0,0,
AC-2097,Bumper,,,,,,,,,,,,,,,,,,,,,,,,,,,0,0,0,0,0,
AC-2097,Corner,,,,,,,,,,,,,,,,,,,,,,,,,,,0,0,0,0,0,
AC-2097,Large Sofa,,,,,,,,,,,,,,,,,,,,,,,,,,,0,0,0,0,0,
AC-2097,Left Armless Loveseat with Tray,,,,,,,,,,,,,,,,,,,,,,,,,,,0,0,0,0,0,
AC-2097,Left One-Arm Chair,,,,,,,,,,,,,,,,,,,,,,,,,,,0,0,0,0,0,
AC-2097,Left One-Arm Chaise,,,,,,,,,,,,,,,,,,,,,,,,,,,0,0,0,0,0,
AC-2097,Left One-Arm Loveseat,,,,,,,,,,,,,,,,,,,,,,,,,,,0,0,0,0,0,
AC-2097,Left One-Arm Loveseat with Tray,,,,,,,,,,,,,,,,,,,,,,,,,,,0,0,0,0,0,
AC-2097,Left One-Arm Sofa,,,,,,,,,,,,,,,,,,,,,,,,,,,0,0,0,0,0,
AC-2097,Loveseat,,,,,,,,,,,,,,,,,,,,,,,,,,,0,0,0,0,0,
AC-2097,Right Armless Loveseat with Tray,,,,,,,,,,,,,,,,,,,,,,,,,,,0,0,0,0,0,
AC-2097,Right One-Arm Chair,,,,,,,,,,,,,,,,,,,,,,,,,,,0,0,0,0,0,
AC-2097,Right One-Arm Chaise,,,,,,,,,,,,,,,,,,,,,,,,,,,0,0,0,0,0,
AC-2097,Right One-Arm Loveseat,,,,,,,,,,,,,,,,,,,,,,,,,,,0,0,0,0,0,
AC-2097,Right One-Arm Loveseat with Tray,,,,,,,,,,,,,,,,,,,,,,,,,,,0,0,0,0,0,
AC-2097,Right One-Arm Sofa,,,,,,,,,,,,,,,,,,,,,,,,,,,0,0,0,0,0,
AC-2097,Sofa,,,,,,,,,,,,,,,,,,,,,,,,,,,0,0,0,0,0,
AC-2099,Armless Loveseat,,,,,,,,,,,,,,,,,,,,,,,,,,,0,0,0,0,0,
AC-2099,Bumper,,,,,,,,,,,,,,,,,,,,,,,,,,,0,0,0,0,0,
AC-2099,Corner,,,,,,,,,,,,,,,,,,,,,,,,,,,0,0,0,0,0,
AC-2099,Large Sofa,,,,,,,,,,,,,,,,,,,,,,,,,,,0,0,0,0,0,
AC-2099,Left One-Arm Chair with Bumper,,,,,,,,,,,,,,,,,,,,,,,,,,,0,0,0,0,0,
AC-2099,Left One-Arm Chaise,,,,,,,,,,,,,,,,,,,,,,,,,,,0,0,0,0,0,
AC-2099,Left One-Arm Loveseat,,,,,,,,,,,,,,,,,,,,,,,,,,,0,0,0,0,0,
AC-2099,Left One-Arm Sofa,,,,,,,,,,,,,,,,,,,,,,,,,,,0,0,0,0,0,
AC-2099,Loveseat,,,,,,,,,,,,,,,,,,,,,,,,,,,0,0,0,0,0,
AC-2099,Right One-Arm Chair with Bumper,,,,,,,,,,,,,,,,,,,,,,,,,,,0,0,0,0,0,
AC-2099,Right One-Arm Chaise,,,,,,,,,,,,,,,,,,,,,,,,,,,0,0,0,0,0,
AC-2099,Right One-Arm Loveseat,,,,,,,,,,,,,,,,,,,,,,,,,,,0,0,0,0,0,
AC-2099,Right One-Arm Sofa,,,,,,,,,,,,,,,,,,,,,,,,,,,0,0,0,0,0,
AC-2099,Sofa,,,,,,,,,,,,,,,,,,,,,,,,,,,0,0,0,0,0,
AC-2105,Armless Chair,,,,,,,,,,,,,,,,,,,,,,,,,,,0,0,0,0,0,
AC-2105,Armless Loveseat,,,,,,,,,,,,,,,,,,,,,,,,,,,0,0,0,0,0,
AC-2105,Armless Sofa,,,,,,,,,,,,,,,,,,,,,,,,,,,0,0,0,0,0,
AC-2105,Bumper,,,,,,,,,,,,,,,,,,,,,,,,,,,0,0,0,0,0,
AC-2105,Corner,,,,,,,,,,,,,,,,,,,,,,,,,,,0,0,0,0,0,
AC-2105,Ottoman,,,,,,,,,,,,,,,,,,,,,,,,,,,0,0,0,0,0,
AC-2105,Round Ottoman,,,,,,,,,,,,,,,,,,,,,,,,,,,0,0,0,0,0,
AC-2106,Armless Loveseat,,,,,,,,,,,,,,,,,,,,,,,,,,,0,0,0,0,0,
AC-2106,Chair,,,,,,,,,,,,,,,,,,,,,,,,,,,0,0,0,0,0,
AC-2106,Corner,,,,,,,,,,,,,,,,,,,,,,,,,,,0,0,0,0,0,
AC-2106,Large Sofa,,,,,,,,,,,,,,,,,,,,,,,,,,,0,0,0,0,0,
AC-2106,Left Armless Loveseat with Bumper,,,,,,,,,,,,,,,,,,,,,,,,,,,0,0,0,0,0,
AC-2106,Left One-Arm Chaise,,,,,,,,,,,,,,,,,,,,,,,,,,,0,0,0,0,0,
AC-2106,Left One-Arm Loveseat,,,,,,,,,,,,,,,,,,,,,,,,,,,0,0,0,0,0,
AC-2106,Left One-Arm Sofa,,,,,,,,,,,,,,,,,,,,,,,,,,,0,0,0,0,0,
AC-2106,Loveseat,,,,,,,,,,,,,,,,,,,,,,,,,,,0,0,0,0,0,
AC-2106,Ottoman,,,,,,,,,,,,,,,,,,,,,,,,,,,0,0,0,0,0,
AC-2106,Right Armless Loveseat with Bumper,,,,,,,,,,,,,,,,,,,,,,,,,,,0,0,0,0,0,
AC-2106,Right One-Arm Chaise,,,,,,,,,,,,,,,,,,,,,,,,,,,0,0,0,0,0,
AC-2106,Right One-Arm Loveseat,,,,,,,,,,,,,,,,,,,,,,,,,,,0,0,0,0,0,
AC-2106,Right One-Arm Sofa,,,,,,,,,,,,,,,,,,,,,,,,,,,0,0,0,0,0,
AC-2106,Sofa,,,,,,,,,,,,,,,,,,,,,,,,,,,0,0,0,0,0,
AC-2110,Armless Loveseat,,,,,,,,,,,,,,,,,,,,,,,,,,,0,0,0,0,0,
AC-2110,Corner,,,,,,,,,,,,,,,,,,,,,,,,,,,0,0,0,0,0,
AC-2110,Left Armless Chair with Bumper,,,,,,,,,,,,,,,,,,,,,,,,,,,0,0,0,0,0,
AC-2110,Left Corner with Armless Bumper,,,,,,,,,,,,,,,,,,,,,,,,,,,0,0,0,0,0,
AC-2110,Left One-Arm Chaise,,,,,,,,,,,,,,,,,,,,,,,,,,,0,0,0,0,0,
AC-2110,Left One-Arm Loveseat,,,,,,,,,,,,,,,,,,,,,,,,,,,0,0,0,0,0,
AC-2110,Ottoman,,,,,,,,,,,,,,,,,,,,,,,,,,,0,0,0,0,0,
AC-2110,Right Armless Chair with Bumper,,,,,,,,,,,,,,,,,,,,,,,,,,,0,0,0,0,0,
AC-2110,Right Corner with Armless Bumper,,,,,,,,,,,,,,,,,,,,,,,,,,,0,0,0,0,0,
AC-2110,Right One-Arm Chaise,,,,,,,,,,,,,,,,,,,,,,,,,,,0,0,0,0,0,
AC-2110,Right One-Arm Loveseat,,,,,,,,,,,,,,,,,,,,,,,,,,,0,0,0,0,0,
AC-2110,Sofa,,,,,,,,,,,,,,,,,,,,,,,,,,,0,0,0,0,0,
AC-2114,Chair,,,,,,,,,,,,,,,,,,,,,,,,,,,0,0,0,0,0,
AC-2114,Large Sofa,,,,,,,,,,,,,,,,,,,,,,,,,,,0,0,0,0,0,
AC-2114,Loveseat,,,,,,,,,,,,,,,,,,,,,,,,,,,0,0,0,0,0,
AC-2114,Ottoman,,,,,,,,,,,,,,,,,,,,,,,,,,,0,0,0,0,0,
AC-2114,Sofa,,,,,,,,,,,,,,,,,,,,,,,,,,,0,0,0,0,0,
AC-2123,Armless Loveseat,2000,qty:1.5,,,40,,,,qty:6,,3000,qty:3,qty:6,qty:2,,400,,100,,qty:2,150,500,500,300,500,40,"1,840","7,530","2,259","19,578","14,684",
AC-2123,Corner,1300,qty:1,,,30,,,,qty:3,,2500,qty:2.4,qty:3,qty:1,,400,,100,,qty:1.5,150,500,500,300,500,40,"1,840","6,320","1,896","16,432","12,324",
AC-2123,Left Armless Chair with Bumper,1700,qty:1,,,35,,,,qty:4,,2500,qty:2.4,qty:4,qty:2,,200,,100,,qty:1.75,150,500,500,300,500,40,"1,840","6,525","1,958","16,965","12,724",
AC-2123,Left Corner with Armless Bumper,3000,qty:2,,,50,,,,qty:9,,4250,qty:4.8,qty:9,qty:3,,600,,100,,qty:2.25,150,500,500,300,500,40,"1,840","9,990","2,997","25,974","19,481",
AC-2123,Left One-Arm Chaise,2300,qty:1.25,,,40,,,,qty:6,,3250,qty:3,qty:6,qty:2,,400,,100,,qty:2,150,500,500,300,500,40,"1,840","8,080","2,424","21,008","15,756",
AC-2123,Left One-Arm Loveseat,2300,qty:1.5,,,45,,,,qty:7,,3500,qty:3.6,qty:7,qty:2,,600,,100,,qty:2,150,500,500,300,500,40,"1,840","8,535","2,561","22,191","16,643",
AC-2123,Left One-Arm Sofa,3300,qty:2.5,,,55,,,,qty:10,,4500,qty:4.8,qty:10,qty:3,,800,,100,,qty:2.5,150,500,500,300,500,40,"1,840","10,745","3,224","27,937","20,953",
AC-2123,Loveseat,2600,qty:2,,,50,,,,qty:8,,4000,qty:42,qty:8,qty:2,,800,,100,,qty:2.25,150,500,500,300,500,40,"1,840","9,540","2,862","24,804","18,603",
AC-2123,Ottoman,700,qty:1,,,20,,,,qty:1,,1500,qty:1.2,qty:1,qty:1,,0,,100,,qty:1,150,500,500,300,500,40,"1,840","4,310","1,293","11,206","8,405",
AC-2123,Right Armless Chair with Bumper,1700,qty:1,,,35,,,,qty:4,,2500,qty:2.4,qty:4,qty:2,,200,,100,,qty:1.75,150,500,500,300,500,40,"1,840","6,525","1,958","16,965","12,724",
AC-2123,Right Corner with Armless Bumper,3000,qty:2,,,50,,,,qty:9,,4250,qty:4.8,qty:9,qty:3,,600,,100,,qty:2.25,150,500,500,300,500,40,"1,840","9,990","2,997","25,974","19,481",
AC-2123,Right One-Arm Chaise,2300,qty:1.25,,,40,,,,qty:6,,3250,qty:3,qty:6,qty:2,,400,,100,,qty:2,150,500,500,300,500,40,"1,840","8,080","2,424","21,008","15,756",
AC-2123,Right One-Arm Loveseat,2300,qty:1.5,,,45,,,,qty:7,,3500,qty:3.6,qty:7,qty:2,,600,,100,,qty:2,150,500,500,300,500,40,"1,840","8,535","2,561","22,191","16,643",
AC-2123,Right One-Arm Sofa,3300,qty:2.5,,,55,,,,qty:10,,4500,qty:4.8,qty:10,qty:3,,800,,100,,qty:2.5,150,500,500,300,500,40,"1,840","10,745","3,224","27,937","20,953",
AC-2123,Sofa,3600,qty:3,,,60,,,,qty:12,,5000,qty:6,qty:12,qty:3,,1000,,100,,qty:2.5,150,500,500,300,500,40,"1,840","11,750","3,525","30,550","22,913",
AC-2127,Armless Loveseat,,,,,,,,,,,,,,,,,,,,,,,,,,,0,0,0,0,0,
AC-2127,Chair,,,,,,,,,,,,,,,,,,,,,,,,,,,0,0,0,0,0,
AC-2127,Corner,,,,,,,,,,,,,,,,,,,,,,,,,,,0,0,0,0,0,
AC-2127,Left One-Arm Chaise,,,,,,,,,,,,,,,,,,,,,,,,,,,0,0,0,0,0,
AC-2127,Left One-Arm Loveseat,,,,,,,,,,,,,,,,,,,,,,,,,,,0,0,0,0,0,
AC-2127,Loveseat,,,,,,,,,,,,,,,,,,,,,,,,,,,0,0,0,0,0,
AC-2127,Right One-Arm Chaise,,,,,,,,,,,,,,,,,,,,,,,,,,,0,0,0,0,0,
AC-2127,Right One-Arm Loveseat,,,,,,,,,,,,,,,,,,,,,,,,,,,0,0,0,0,0,
AC-2127,Sofa,,,,,,,,,,,,,,,,,,,,,,,,,,,0,0,0,0,0,
AC-2129,Armless Loveseat,,,,,,,,,,,,,,,,,,,,,,,,,,,0,0,0,0,0,
AC-2129,Left Armless Chair with Bumper,,,,,,,,,,,,,,,,,,,,,,,,,,,0,0,0,0,0,
AC-2129,Left One-Arm Chair,,,,,,,,,,,,,,,,,,,,,,,,,,,0,0,0,0,0,
AC-2129,Left One-Arm Chaise,,,,,,,,,,,,,,,,,,,,,,,,,,,0,0,0,0,0,
AC-2129,Left One-Arm Loveseat,,,,,,,,,,,,,,,,,,,,,,,,,,,0,0,0,0,0,
AC-2129,Right Armless Chair with Bumper,,,,,,,,,,,,,,,,,,,,,,,,,,,0,0,0,0,0,
AC-2129,Right One-Arm Chair,,,,,,,,,,,,,,,,,,,,,,,,,,,0,0,0,0,0,
AC-2129,Right One-Arm Chaise,,,,,,,,,,,,,,,,,,,,,,,,,,,0,0,0,0,0,
AC-2129,Right One-Arm Loveseat,,,,,,,,,,,,,,,,,,,,,,,,,,,0,0,0,0,0,
AC-2129,Round Corner,,,,,,,,,,,,,,,,,,,,,,,,,,,0,0,0,0,0,
AC-2129,Wedge Corner,,,,,,,,,,,,,,,,,,,,,,,,,,,0,0,0,0,0,
AC-2130,Platform,,,,,,,,,,,,,,,,,,,,,,,,,,,0,0,0,0,0,
AC-2132,Armless Chair,,,,,,,,,,,,,,,,,,,,,,,,,,,0,0,0,0,0,
AC-2132,Armless Loveseat,,,,,,,,,,,,,,,,,,,,,,,,,,,0,0,0,0,0,
AC-2132,Bumper,,,,,,,,,,,,,,,,,,,,,,,,,,,0,0,0,0,0,
AC-2132,Corner,,,,,,,,,,,,,,,,,,,,,,,,,,,0,0,0,0,0,
AC-2132,Left Armless Chair with Bumper,,,,,,,,,,,,,,,,,,,,,,,,,,,0,0,0,0,0,
AC-2132,Left One-Arm Chair,,,,,,,,,,,,,,,,,,,,,,,,,,,0,0,0,0,0,
AC-2132,Left One-Arm Chaise,,,,,,,,,,,,,,,,,,,,,,,,,,,0,0,0,0,0,
AC-2132,Left One-Arm Loveseat,,,,,,,,,,,,,,,,,,,,,,,,,,,0,0,0,0,0,
AC-2132,Left One-Arm Loveseat with Bumper,,,,,,,,,,,,,,,,,,,,,,,,,,,0,0,0,0,0,
AC-2132,Loveseat,,,,,,,,,,,,,,,,,,,,,,,,,,,0,0,0,0,0,
AC-2132,Ottoman,,,,,,,,,,,,,,,,,,,,,,,,,,,0,0,0,0,0,
AC-2132,Right Armless Chair with Bumper,,,,,,,,,,,,,,,,,,,,,,,,,,,0,0,0,0,0,
AC-2132,Right One-Arm Chair,,,,,,,,,,,,,,,,,,,,,,,,,,,0,0,0,0,0,
AC-2132,Right One-Arm Chaise,,,,,,,,,,,,,,,,,,,,,,,,,,,0,0,0,0,0,
AC-2132,Right One-Arm Loveseat,,,,,,,,,,,,,,,,,,,,,,,,,,,0,0,0,0,0,
AC-2132,Right One-Arm Loveseat with Bumper,,,,,,,,,,,,,,,,,,,,,,,,,,,0,0,0,0,0,
AC-2132,Sofa,,,,,,,,,,,,,,,,,,,,,,,,,,,0,0,0,0,0,
AC-2133,Armless Chair,,,,,,,,,,,,,,,,,,,,,,,,,,,0,0,0,0,0,
AC-2133,Armless Loveseat,,,,,,,,,,,,,,,,,,,,,,,,,,,0,0,0,0,0,
AC-2133,Corner,,,,,,,,,,,,,,,,,,,,,,,,,,,0,0,0,0,0,
AC-2133,Left Armless Chair with Bumper,,,,,,,,,,,,,,,,,,,,,,,,,,,0,0,0,0,0,
AC-2133,Left One-Arm Chair,,,,,,,,,,,,,,,,,,,,,,,,,,,0,0,0,0,0,
AC-2133,Left One-Arm Chaise,,,,,,,,,,,,,,,,,,,,,,,,,,,0,0,0,0,0,
AC-2133,Left One-Arm Loveseat,,,,,,,,,,,,,,,,,,,,,,,,,,,0,0,0,0,0,
AC-2133,Ottoman,,,,,,,,,,,,,,,,,,,,,,,,,,,0,0,0,0,0,
AC-2133,Right Armless Chair with Bumper,,,,,,,,,,,,,,,,,,,,,,,,,,,0,0,0,0,0,
AC-2133,Right One-Arm Chair,,,,,,,,,,,,,,,,,,,,,,,,,,,0,0,0,0,0,
AC-2133,Right One-Arm Chaise,,,,,,,,,,,,,,,,,,,,,,,,,,,0,0,0,0,0,
AC-2133,Right One-Arm Loveseat,,,,,,,,,,,,,,,,,,,,,,,,,,,0,0,0,0,0,
AC-2137,Chair,,,,,,,,,,,,,,,,,,,,,,,,,,,0,0,0,0,0,
AC-2137,Corner,,,,,,,,,,,,,,,,,,,,,,,,,,,0,0,0,0,0,
AC-2137,Left One-Arm Chaise,,,,,,,,,,,,,,,,,,,,,,,,,,,0,0,0,0,0,
AC-2137,Left One-Arm Loveseat,,,,,,,,,,,,,,,,,,,,,,,,,,,0,0,0,0,0,
AC-2137,Loveseat,,,,,,,,,,,,,,,,,,,,,,,,,,,0,0,0,0,0,
AC-2137,Ottoman,,,,,,,,,,,,,,,,,,,,,,,,,,,0,0,0,0,0,
AC-2137,Right One-Arm Chaise,,,,,,,,,,,,,,,,,,,,,,,,,,,0,0,0,0,0,
AC-2137,Right One-Arm Loveseat,,,,,,,,,,,,,,,,,,,,,,,,,,,0,0,0,0,0,
AC-2137,Sofa,,,,,,,,,,,,,,,,,,,,,,,,,,,0,0,0,0,0,
AC-2138,Armless Loveseat,,,,,,,,,,,,,,,,,,,,,,,,,,,0,0,0,0,0,
AC-2138,Chair,,,,,,,,,,,,,,,,,,,,,,,,,,,0,0,0,0,0,
AC-2138,Corner,,,,,,,,,,,,,,,,,,,,,,,,,,,0,0,0,0,0,
AC-2138,Large Sofa,,,,,,,,,,,,,,,,,,,,,,,,,,,0,0,0,0,0,
AC-2138,Left One-Arm Chaise,,,,,,,,,,,,,,,,,,,,,,,,,,,0,0,0,0,0,
AC-2138,Left One-Arm Loveseat,,,,,,,,,,,,,,,,,,,,,,,,,,,0,0,0,0,0,
AC-2138,Loveseat,,,,,,,,,,,,,,,,,,,,,,,,,,,0,0,0,0,0,
AC-2138,Ottoman,,,,,,,,,,,,,,,,,,,,,,,,,,,0,0,0,0,0,
AC-2138,Right One-Arm Chaise,,,,,,,,,,,,,,,,,,,,,,,,,,,0,0,0,0,0,
AC-2138,Right One-Arm Loveseat,,,,,,,,,,,,,,,,,,,,,,,,,,,0,0,0,0,0,
AC-2138,Sofa,,,,,,,,,,,,,,,,,,,,,,,,,,,0,0,0,0,0,
AC-2142,Armless Loveseat,,,,,,,,,,,,,,,,,,,,,,,,,,,0,0,0,0,0,
AC-2142,Corner,,,,,,,,,,,,,,,,,,,,,,,,,,,0,0,0,0,0,
AC-2142,Left Corner with Armless Bumper,,,,,,,,,,,,,,,,,,,,,,,,,,,0,0,0,0,0,
AC-2142,Left One-Arm Chaise,,,,,,,,,,,,,,,,,,,,,,,,,,,0,0,0,0,0,
AC-2142,Left One-Arm Loveseat,,,,,,,,,,,,,,,,,,,,,,,,,,,0,0,0,0,0,
AC-2142,Loveseat,,,,,,,,,,,,,,,,,,,,,,,,,,,0,0,0,0,0,
AC-2142,Ottoman,,,,,,,,,,,,,,,,,,,,,,,,,,,0,0,0,0,0,
AC-2142,Right Corner with Armless Bumper,,,,,,,,,,,,,,,,,,,,,,,,,,,0,0,0,0,0,
AC-2142,Right One-Arm Chaise,,,,,,,,,,,,,,,,,,,,,,,,,,,0,0,0,0,0,
AC-2142,Right One-Arm Loveseat,,,,,,,,,,,,,,,,,,,,,,,,,,,0,0,0,0,0,
AC-2142,Sofa,,,,,,,,,,,,,,,,,,,,,,,,,,,0,0,0,0,0,
AS-22,Sofa  Sleeper,,,,,,,,,,,,,,,,,,,,,,,,,,,0,0,0,0,0,
AS-26,Sofa Bed,,,,,,,,,,,,,,,,,,,,,,,,,,,0,0,0,0,0,
AS-27,Sofa  Sleeper,,,,,,,,,,,,,,,,,,,,,,,,,,,0,0,0,0,0,
AS-29,Sofa  Sleeper,,,,,,,,,,,,,,,,,,,,,,,,,,,0,0,0,0,0,
AS-30,Sofa Sleeper,1,,,,,,,,qty:15,12,1500,qty:0.2,qty:12,,,,,,5000,,100,,300,300,500,40,"1,140","7,753","2,326","20,158","15,118",
B-,King Size [Fabric],,,,,,,,,,,,,,,,,,,,,,,,,,,0,0,0,0,0,
B-,King Size [Ultra Suede],,,,,,,,,,,,,,,,,,,,,,,,,,,0,0,0,0,0,
B-,Queen Size [Fabric],,,,,,,,,,,,,,,,,,,,,,,,,,,0,0,0,0,0,
B-,Queen Size [Ultra Suede],,,,,,,,,,,,,,,,,,,,,,,,,,,0,0,0,0,0,
B-1073,King Size with Storage [Fabric],,,,,,,,,,,,,,,,,,,,,,,,,,,0,0,0,0,0,
B-1073,Queen Size with Storage [Fabric],,,,,,,,,,,,,,,,,,,,,,,,,,,0,0,0,0,0,
B-1073,SIngle  Size with Storage [Fabric],,,,,,,,,,,,,,,,,,,,,,,,,,,0,0,0,0,0,
B-1074,King Size [Fabric],,,,,,,,,,,,,,,,,,,,,,,,,,,0,0,0,0,0,
B-1074,Queen Size [Fabric],,,,,,,,,,,,,,,,,,,,,,,,,,,0,0,0,0,0,
B-1074,Single Size [Fabric],,,,,,,,,,,,,,,,,,,,,,,,,,,0,0,0,0,0,
B-1075,King Size [Fabric],,,,,,,,,,,,,,,,,,,,,,,,,,,0,0,0,0,0,
B-1076,King Size  [Leather],,,,,,,,,,,,,,,,,,,,,,,,,,,0,0,0,0,0,
B-1076,King Size [Fabric],,,,,,,,,,,,,,,,,,,,,,,,,,,0,0,0,0,0,
B-1076,Queen Size [Fabric],,,,,,,,,,,,,,,,,,,,,,,,,,,0,0,0,0,0,
B-1077,King Size [Fabric],,,,,,,,,,,,,,,,,,,,,,,,,,,0,0,0,0,0,
B-1078,King Size [Fabric],,,,,,,,,,,,,,,,,,,,,,,,,,,0,0,0,0,0,
B-1079,King Size  [Leather],,,,,,,,,,,,,,,,,,,,,,,,,,,0,0,0,0,0,
B-1079,Queen Size   [Leather],,,,,,,,,,,,,,,,,,,,,,,,,,,0,0,0,0,0,
B-1081,King Size  [Leather],,,,,,,,,,,,,,,,,,,,,,,,,,,0,0,0,0,0,
B-1081,King Size [Fabric],,,,,,,,,,,,,,,,,,,,,,,,,,,0,0,0,0,0,
B-1081,King Size with Storage [Fabric],,,,,,,,,,,,,,,,,,,,,,,,,,,0,0,0,0,0,
B-1081,Queen Size   [Leather],,,,,,,,,,,,,,,,,,,,,,,,,,,0,0,0,0,0,
B-1081,Queen Size [Fabric],,,,,,,,,,,,,,,,,,,,,,,,,,,0,0,0,0,0,
B-1081,Queen Size with Storage [Fabric],,,,,,,,,,,,,,,,,,,,,,,,,,,0,0,0,0,0,
B-1081,Single Size [Fabric],,,,,,,,,,,,,,,,,,,,,,,,,,,0,0,0,0,0,
B-1082,King Size [Fabric],,,,,,,,,,,,,,,,,,,,,,,,,,,0,0,0,0,0,
B-1082,Queen Size [Fabric],,,,,,,,,,,,,,,,,,,,,,,,,,,0,0,0,0,0,
B-12,King Size [Fabric],,,,,,,,,,,,,,,,,,,,,,,,,,,0,0,0,0,0,
B-14,King Size [Fabric],,,,,,,,,,,,,,,,,,,,,,,,,,,0,0,0,0,0,
B-14,Queen Size [Fabric],,,,,,,,,,,,,,,,,,,,,,,,,,,0,0,0,0,0,
B-14,Single Size [Fabric],,,,,,,,,,,,,,,,,,,,,,,,,,,0,0,0,0,0,
B-16,King Size [Fabric],,,,,,,,,,,,,,,,,,,,,,,,,,,0,0,0,0,0,
B-16,Queen Size [Fabric],,,,,,,,,,,,,,,,,,,,,,,,,,,0,0,0,0,0,
B-16,Single Size [Fabric],,,,,,,,,,,,,,,,,,,,,,,,,,,0,0,0,0,0,
B-21,King Size [Ultra Suede],,,,,,,,,,,,,,,,,,,,,,,,,,,0,0,0,0,0,
B-21,Queen Size [Fabric],,,,,,,,,,,,,,,,,,,,,,,,,,,0,0,0,0,0,
B-21,Queen Size [Ultra Suede],,,,,,,,,,,,,,,,,,,,,,,,,,,0,0,0,0,0,
B-21,Single  Size [Ultra Suede],,,,,,,,,,,,,,,,,,,,,,,,,,,0,0,0,0,0,
B-23,King Size  [Leather],,,,,,,,,,,,,,,,,,,,,,,,,,,0,0,0,0,0,
B-23,King Size [Fabric],,,,,,,,,,,,,,,,,,,,,,,,,,,0,0,0,0,0,
B-23,Queen Size   [Leather],,,,,,,,,,,,,,,,,,,,,,,,,,,0,0,0,0,0,
B-23,Single Size [Leather],,,,,,,,,,,,,,,,,,,,,,,,,,,0,0,0,0,0,
B-24,King Size [Fabric],,,,,,,,,,,,,,,,,,,,,,,,,,,0,0,0,0,0,
B-24,Queen Size [Fabric],,,,,,,,,,,,,,,,,,,,,,,,,,,0,0,0,0,0,
B-24,Single Size [Fabric],,,,,,,,,,,,,,,,,,,,,,,,,,,0,0,0,0,0,
B-25,King Size [Fabric],,,,,,,,,,,,,,,,,,,,,,,,,,,0,0,0,0,0,
B-25,Queen Size [Fabric],,,,,,,,,,,,,,,,,,,,,,,,,,,0,0,0,0,0,
B-25,Single Size [Fabric],,,,,,,,,,,,,,,,,,,,,,,,,,,0,0,0,0,0,
B-27,King Size [Fabric],,,,,,,,,,,,,,,,,,,,,,,,,,,0,0,0,0,0,
B-27,Queen Size [Fabric],,,,,,,,,,,,,,,,,,,,,,,,,,,0,0,0,0,0,
B-27,Single Size [Fabric],,,,,,,,,,,,,,,,,,,,,,,,,,,0,0,0,0,0,
B-28,King Size [Fabric],,,,,,,,,,,,,,,,,,,,,,,,,,,0,0,0,0,0,
B-28,Queen Size [Fabric],,,,,,,,,,,,,,,,,,,,,,,,,,,0,0,0,0,0,
B-28,Single Size [Fabric],,,,,,,,,,,,,,,,,,,,,,,,,,,0,0,0,0,0,
B-29,King Size [Fabric],,,,,,,,,,,,,,,,,,,,,,,,,,,0,0,0,0,0,
B-29,Queen Size [Fabric],,,,,,,,,,,,,,,,,,,,,,,,,,,0,0,0,0,0,
B-29,Single Size [Fabric],,,,,,,,,,,,,,,,,,,,,,,,,,,0,0,0,0,0,
B-31,King Size [Chrome Frame],,,,,,,,,,,,,,,,,,,,,,,,,,,0,0,0,0,0,
B-31,King Size [Fabric],,,,,,,,,,,,,,,,,,,,,,,,,,,0,0,0,0,0,
B-31,Queen Size [Fabric],,,,,,,,,,,,,,,,,,,,,,,,,,,0,0,0,0,0,
B-31,Single Size [Fabric],,,,,,,,,,,,,,,,,,,,,,,,,,,0,0,0,0,0,
B-33,King Size [Fabric],,,,,,,,,,,,,,,,,,,,,,,,,,,0,0,0,0,0,
B-33,Queen Size [Fabric],,,,,,,,,,,,,,,,,,,,,,,,,,,0,0,0,0,0,
BDW-1201,King Size [Fabric],,,,,,,,,,,,,,,,,,,,,,,,,,,0,0,0,0,0,
BDW-1201,Queen Size [Fabric],,,,,,,,,,,,,,,,,,,,,,,,,,,0,0,0,0,0,
BDW-1202,Eastern King Size [Fabric],,,,,,,,,,,,,,,,,,,,,,,,,,,0,0,0,0,0,
BDW-1202,King Size  [Leather],,,,,,,,,,,,,,,,,,,,,,,,,,,0,0,0,0,0,
BDW-1202,King Size [Fabric],,,,,,,,,,,,,,,,,,,,,,,,,,,0,0,0,0,0,
BDW-1202,Queen Size [Fabric],,,,,,,,,,,,,,,,,,,,,,,,,,,0,0,0,0,0,
BDW-1202,Single Size [Fabric],,,,,,,,,,,,,,,,,,,,,,,,,,,0,0,0,0,0,
BDW-1203,King Size [Fabric],,,,,,,,,,,,,,,,,,,,,,,,,,,0,0,0,0,0,
BDW-1204,King Size [Fabric],,,,,,,,,,,,,,,,,,,,,,,,,,,0,0,0,0,0,
BDW-1205,King Size [Fabric],,,,,,,,,,,,,,,,,,,,,,,,,,,0,0,0,0,0,
BDW-1206,King Size [Fabric],,,,,,,,,,,,,,,,,,,,,,,,,,,0,0,0,0,0,
BDW-1207,King Size [Fabric],,,,,,,,,,,,,,,,,,,,,,,,,,,0,0,0,0,0,
C-102,Accent Pillow,,,,,,,,,,,,,,,,,,,,,,,,,,,0,0,0,0,0,
C-102,Easy Chair,,,,,,,,,,,,,,,,,,,,,,,,,,,0,0,0,0,0,
C-102,Lumbar Pillow,,,,,,,,,,,,,,,,,,,,,,,,,,,0,0,0,0,0,
C-102,Ottoman,,,,,,,,,,,,,,,,,,,,,,,,,,,0,0,0,0,0,
C-103,Easy Chair,,,,,,,,,,,,,,,,,,,,,,,,,,,0,0,0,0,0,
C-20,Ottoman [Fabric],,,,,,,,,,,,,,,,,,,,,,,,,,,0,0,0,0,0,
C-21,Flower  Ottoman,,,,,,,,,,,,,,,,,,,,,,,,,,,0,0,0,0,0,
C-21,Oval  Ottoman,,,,,,,,,,,,,,,,,,,,,,,,,,,0,0,0,0,0,
C-21,Round Ottoman,,,,,,,,,,,,,,,,,,,,,,,,,,,0,0,0,0,0,
C-21,Square Ottoman,,,,,,,,,,,,,,,,,,,,,,,,,,,0,0,0,0,0,
C-23,Chair,,,,,,,,,,,,,,,,,,,,,,,,,,,0,0,0,0,0,
C-23,Ottoman,,,,,,,,,,,,,,,,,,,,,,,,,,,0,0,0,0,0,
C-27,Chaise Loung,,,,,,,,,,,,,,,,,,,,,,,,,,,0,0,0,0,0,
C-28,Chaise Lounge,,,,,,,,,,,,,,,,,,,,,,,,,,,0,0,0,0,0,
C-30,Ottoman   [ Wool 100% ],,,,,,,,,,,,,,,,,,,,,,,,,,,0,0,0,0,0,
C-30,Ottoman [Fabric],,,,,,,,,,,,,,,,,,,,,,,,,,,0,0,0,0,0,
C-32,Chair,,,,,,,,,,,,,,,,,,,,,,,,,,,0,0,0,0,0,
C-33,Chair,,,,,,,,,,,,,,,,,,,,,,,,,,,0,0,0,0,0,
C-33,Ottoman,,,,,,,,,,,,,,,,,,,,,,,,,,,0,0,0,0,0,
C-34,Table,,,,,,,,,,,,,,,,,,,,,,,,,,,0,0,0,0,0,
C-46,Chair,,,,,,,,,,,,,,,,,,,,,,,,,,,0,0,0,0,0,
C-79,Large Ottoman,,,,,,,,,,,,,,,,,,,,,,,,,,,0,0,0,0,0,
C-79,Medium Ottoman,,,,,,,,,,,,,,,,,,,,,,,,,,,0,0,0,0,0,
C-79,Small Ottoman,,,,,,,,,,,,,,,,,,,,,,,,,,,0,0,0,0,0,
C-9,Chair,,,,,,,,,,,,,,,,,,,,,,,,,,,0,0,0,0,0,
CT-1041,Coffee Table,,,,,,,,,,,,,,,,,,,,,,,,,,,0,0,0,0,0,
CT-1043,Coffee Table,,,,,,,,,,,,,,,,,,,,,,,,,,,0,0,0,0,0,
CT-1044,Coffee Table,,,,,,,,,,,,,,,,,,,,,,,,,,,0,0,0,0,0,
CT-1044,Coffee Table[80cm x 120cm],,,,,,,,,,,,,,,,,,,,,,,,,,,0,0,0,0,0,
CT-1046,Coffee Table,,,,,,,,,,,,,,,,,,,,,,,,,,,0,0,0,0,0,
CT-1048,Coffee Table,,,,,,,,,,,,,,,,,,,,,,,,,,,0,0,0,0,0,
CT-1049,Coffee Table,,,,,,,,,,,,,,,,,,,,,,,,,,,0,0,0,0,0,
CT-1050,Coffee Table,,,,,,,,,,,,,,,,,,,,,,,,,,,0,0,0,0,0,
Custom,Custom,,,,,,,,,,,,,,,,,,,,,,,,,,,0,0,0,0,0,
DC-1,Chair Dinning,,,,,,,,,,,,,,,,,,,,,,,,,,,0,0,0,0,0,
DD-1267WT,Chair Dinning,,,,,,,,,,,,,,,,,,,,,,,,,,,0,0,0,0,0,
DD-1267WT,Dinning Table,,,,,,,,,,,,,,,,,,,,,,,,,,,0,0,0,0,0,
DD-1268UB,Chair Dinning,,,,,,,,,,,,,,,,,,,,,,,,,,,0,0,0,0,0,
DD-164UB,Chair Dinning,,,,,,,,,,,,,,,,,,,,,,,,,,,0,0,0,0,0,
DD-165WB,Chair Dinning,,,,,,,,,,,,,,,,,,,,,,,,,,,0,0,0,0,0,
DD-166UB,Chair Dinning,,,,,,,,,,,,,,,,,,,,,,,,,,,0,0,0,0,0,
DD-268UB,Chair Dinning,,,,,,,,,,,,,,,,,,,,,,,,,,,0,0,0,0,0,
DD-308BF,Cabinet,,,,,,,,,,,,,,,,,,,,,,,,,,,0,0,0,0,0,
DD-310WB,Arm Chair,,,,,,,,,,,,,,,,,,,,,,,,,,,0,0,0,0,0,
DD-310WB,Armless Chair,,,,,,,,,,,,,,,,,,,,,,,,,,,0,0,0,0,0,
DO-275ST,Cocktail Table,,,,,,,,,,,,,,,,,,,,,,,,,,,0,0,0,0,0,
DO-276SQ,Cocktail Table,,,,,,,,,,,,,,,,,,,,,,,,,,,0,0,0,0,0,
DO-278SQ,Cocktail Table,,,,,,,,,,,,,,,,,,,,,,,,,,,0,0,0,0,0,
DO-286,Game Table,,,,,,,,,,,,,,,,,,,,,,,,,,,0,0,0,0,0,
DO-290ES,Square SideTable\r,,,,,,,,,,,,,,,,,,,,,,,,,,,0,0,0,0,0,
DO-291ER,Round SideTable\r,,,,,,,,,,,,,,,,,,,,,,,,,,,0,0,0,0,0,
DO-294ER,Side Table\r,,,,,,,,,,,,,,,,,,,,,,,,,,,0,0,0,0,0,
DW-1201,Chair,650,qty:1,,,10,,30,20,qty:5,10,700,qty:1.2,75,40,350,,,100,,200,100,150,200,100,100,40,590.00,2875.00,862.500,7475.00,5606.2500,
DW-1201,Left One-Arm Chaise,800,qty:1,,,12,,50,25,qty:6,11,950,qty:2.4,75,80,500,,,100,,250,125,200,250,150,150,40,790,3768,1130.4,9796.8,7347.60,
DW-1201,Left One-Arm Loveseat,850,qty:1,,,12,,50,25,qty:6,11,950,qty:2.4,75,80,700,,,100,,250,125,200,250,150,150,40,790,4018,1205.4,10446.8,7835.10,
DW-1201,Loveseat,900,qty:2,,,12,,60,30,qty:7,14,950,qty:2.4,125,80,700,,,100,,250,125,200,250,150,150,40,790,4136,1240.8,10753.6,8065.20,
DW-1201,Ottoman,400,qty:1,,,8,,20,15,qty:2,8,450,qty:1.2,0,40,qty:0,,,100,,200,100,150,200,100,100,40,590,"1,931",579,"5,021","3,765",
DW-1201,Right One-Arm Chaise,800,qty:1,,,12,,50,25,qty:6,11,950,qty:2.4,75,80,500,,,100,,250,125,200,250,150,150,40,790,3768,1130.4,9796.8,7347.60,
DW-1201,Right One-Arm Loveseat,850,qty:1,,,12,,50,25,qty:6,11,950,qty:2.4,75,80,700,,,100,,250,125,200,250,150,150,40,790,4018,1205.4,10446.8,7835.10,
DW-1201,Sofa,1200,qty:2,,,15,,75,35,qty:10,16,1250,qty:2.4,125,120,700,,,100,,250,150,200,250,150,200,40,840,4876,1462.8,12677.6,9508.2,
DW-1202,Right One-Arm Chaise,800,qty:1,600,200,12,,50,25,qty:6,11,950,qty:2.4,75,80,500,,,100,,250,125,200,250,150,150,40,790,"4,568","1,370","11,877","8,908",
DW-1202,Left One-Arm Chaise,800,qty:1,600,200,12,,50,25,qty:6,11,950,qty:2.4,75,80,500,,,100,,250,125,200,250,150,150,40,790,"4,568","1,370","11,877","8,908",
DW-1202,Loveseat,900,qty:2,600,200,12,,60,30,qty:7,14,950,qty:2.4,125,80,700,,,100,,250,125,200,250,150,150,40,790,"4,936","1,481","12,834","9,625",
DW-1202,Left One-Arm Sofa with Bookshelf,800,qty:2,600,200,12,,50,25,qty:6,11,1150,qty:2.4,75,80,500,,,100,,250,125,250,250,150,150,40,840,"4,818","1,445","12,527","9,395",
DW-1202,Right One-Arm Sofa with Bookshelf,800,qty:2,600,200,12,,50,25,qty:6,11,1150,qty:2.4,75,80,500,,,100,,250,125,250,250,150,150,40,840,"4,818","1,445","12,527","9,395",
DW-1202,Sofa,1200,qty:2,600,200,15,,75,35,qty:10,16,1250,qty:2.4,125,120,qty:8.1,,,100,,250,150,200,250,150,200,40,840,"4,976","1,493","12,938","9,703",
DW-1203,Accent Pillow,,,,,,,,,qty:10,2,,qty:0,,,95,,,,,,25,,75,,50,40,165,287,86,746,560,
DW-1203,Right One-Arm Loveseat,700,qty:1,,,12,,50,25,qty:6,11,950,qty:2.4,75,80,700,,,300,,250,125,200,250,150,150,40,790,"4,068","1,220","10,577","7,933",
DW-1203,Left One-Arm Loveseat,700,qty:1,,,12,,50,25,qty:6,11,950,qty:2.4,75,80,700,,,300,,250,125,200,250,150,150,40,790,"4,068","1,220","10,577","7,933",
DW-1203,Right One-Arm Chaise with Bumper,,,,,,,,,,,,qty:2.4,,,,,,,,,,,,,,,0,0,0,0,0,
DW-1203,Right One-Arm Sofa with Left Return,1000,qty:2,,,15,,75,35,qty:8,16,1050,qty:2.4,125,120,700,,,300,,250,150,200,250,150,200,40,840,"4,676","1,403","12,158","9,118",
DW-1203,Left One-Arm Sofa with Right Return,1000,qty:2,,,15,,75,35,qty:8,16,1050,qty:2.4,125,120,700,,,300,,250,150,200,250,150,200,40,840,"4,676","1,403","12,158","9,118",
DW-1204,Arm Chair,650,qty:1,,,10,,30,20,qty:5,10,700,qty:1.2,75,40,350,,,400,,200,100,150,200,100,100,40,590,"3,175",953,"8,255","6,191",
DW-1204,Loveseat,900,qty:2,,,12,,60,30,qty:7,14,950,qty:2.4,125,80,700,,,400,,250,125,200,250,150,150,40,790,"4,436","1,331","11,534","8,650",
DW-1204,Sofa,1200,qty:2,,,15,,75,35,qty:10,16,1250,qty:2.4,125,120,700,,,400,,250,150,200,250,150,200,40,840,"5,176","1,553","13,458","10,093",
DW-1205,Armless Loveseat with Right Bumper,1000,qty:2,,,12,,60,30,qty:6,14,1025,qty:2.4,125,100,700,,,100,,250,125,200,250,150,150,40,790,"4,331","1,299","11,261","8,445",
DW-1205,Armless Loveseat with Left Bumper,1000,qty:2,,,12,,60,30,qty:6,14,1025,qty:2.4,125,100,700,,,100,,250,125,200,250,150,150,40,790,"4,331","1,299","11,261","8,445",
DW-1205,Left One-Arm Chaise,800,qty:1,,,12,,50,25,qty:6,11,950,qty:2.4,75,80,500,,,100,,250,125,200,250,150,150,40,790,"3,768","1,130","9,797","7,348",
DW-1205,Right One-Arm Chaise,800,qty:1,,,12,,50,25,qty:6,11,950,qty:2.4,75,80,500,,,100,,250,125,200,250,150,150,40,790,"3,768","1,130","9,797","7,348",
DW-1205,Sofa,1200,qty:2,,,15,,75,35,qty:10,16,1250,qty:2.4,125,120,700,,,100,,250,150,200,250,150,200,40,840,"4,876","1,463","12,678","9,508",
DW-1206,Arm Chair,,,,,,,,,,,,,,,,,,,,,,,,,,,0,0,0,0,0,
DW-1206,Left One-Arm Chaise,800,qty:1,,,12,,50,25,qty:6,11,950,qty:2.4,75,80,500,,,300,,250,125,200,250,150,150,40,790,"3,968","1,190","10,317","7,738",
DW-1206,Left One-Arm Loveseat,850,qty:2,,,12,,50,25,qty:6,11,950,qty:2.4,75,80,700,,,300,,250,125,200,250,150,150,40,790,"4,218","1,265","10,967","8,225",
DW-1206,Ottoman,400,qty:1,,,8,,20,15,qty:2,8,450,qty:2.4,50,40,0,,,300,,200,100,150,200,100,100,40,590,"2,181",654,"5,671","4,253",
DW-1206,Right One-Arm Chaise,800,qty:1,,,12,,50,25,qty:6,11,950,qty:2.4,75,80,500,,,300,,250,125,200,250,150,150,40,790,"3,968","1,190","10,317","7,738",
DW-1206,Right One-Arm Loveseat,850,qty:2,,,12,,50,25,qty:6,11,950,qty:2.4,75,80,700,,,300,,250,125,200,250,150,150,40,790,"4,218","1,265","10,967","8,225",
DW-1206,Sofa,1200,qty:2,,,15,,75,35,qty:10,16,1250,qty:2.4,125,120,700,,,300,,250,150,200,250,150,150,40,790,"5,026","1,508","13,068","9,801",
DW-1207,Left One-Arm Chaise,800,qty:1,,,12,,50,25,qty:6,11,950,qty:2.4,75,80,500,,,350,,250,125,200,250,150,150,40,790,"4,018","1,205","10,447","7,835",
DW-1207,Left One-Arm Loveseat,850,qty:2,,,12,,50,25,qty:6,11,950,qty:2.4,75,80,700,,,350,,250,125,200,250,150,150,40,790,"4,268","1,280","11,097","8,323",
DW-1207,Right One-Arm Chaise,800,qty:1,,,12,,50,25,qty:6,11,950,qty:2.4,75,80,500,,,350,,250,125,200,250,150,150,40,790,"4,018","1,205","10,447","7,835",
DW-1207,Right One-Arm Loveseat,850,qty:2,,,12,,50,25,qty:6,11,950,qty:2.4,75,80,700,,,350,,250,125,200,250,150,150,40,790,"4,268","1,280","11,097","8,323",
DW-1208,Left One-Arm Chaise,800,qty:1,,,12,,50,25,qty:6,11,950,qty:2.4,75,80,500,,,300,,250,125,200,250,150,150,40,790,"3,968","1,190","10,317","7,738",
DW-1208,Left One-Arm Loveseat,850,qty:2,,,12,,50,25,qty:6,11,950,qty:2.4,75,80,700,,,300,,250,125,200,250,150,150,40,790,"4,218","1,265","10,967","8,225",
DW-1208,Right One-Arm Chaise,800,qty:1,,,12,,50,25,qty:6,11,950,qty:2.4,75,80,500,,,300,,250,125,200,250,150,150,40,790,"3,968","1,190","10,317","7,738",
DW-1208,Right One-Arm Loveseat,850,qty:2,,,12,,50,25,qty:6,11,950,qty:2.4,75,80,700,,,300,,250,125,200,250,150,150,40,790,"4,218","1,265","10,967","8,225",
DW-1209,Left One-Arm Chaise,800,qty:1,,,12,,50,25,qty:6,11,950,qty:2.4,75,80,500,,,350,,250,125,200,250,150,150,40,790,"4,018","1,205","10,447","7,835",
DW-1209,Left One-Arm Loveseat,850,qty:2,,,12,,50,25,qty:6,11,950,qty:2.4,75,80,700,,,350,,250,125,200,250,150,150,40,790,"4,268","1,280","11,097","8,323",
DW-1209,Right One-Arm Chaise,800,qty:1,,,12,,50,25,qty:6,11,950,qty:2.4,75,80,500,,,350,,250,125,200,250,150,150,40,790,"4,018","1,205","10,447","7,835",
DW-1209,Right One-Arm Loveseat,850,qty:2,,,12,,50,25,qty:6,11,950,qty:2.4,75,80,700,,,350,,250,125,200,250,150,150,40,790,"4,268","1,280","11,097","8,323",
DW-1210,Loveseat,900,qty:2,,,12,,60,30,qty:7,14,950,qty:2.4,125,80,700,,,350,,250,125,200,250,150,150,40,790,"4,386","1,316","11,404","8,553",
DW-1210,Sofa,1200,qty:2,,,15,,75,35,qty:10,16,1250,qty:2.4,125,120,700,,,350,,250,150,200,250,150,200,40,840,"5,126","1,538","13,328","9,996",
DW-1211,Armless Chair,,,,,,,,,,,,,,,,,,,,,,,,,,,0,0,0,0,0,
DW-1211,Armless Chair with Bumper,,,,,,,,,,,,,,,,,,,,,,,,,,,0,0,0,0,0,
DW-1211,Armless Loveseat,,,,,,,,,,,,,,,,,,,,,,,,,,,0,0,0,0,0,
DW-1211,Ottoman,,,,,,,,,,,,,,,qty:0,,,,,,,,,,,,0,0,0,0,0,
DW-1212,Ottoman,,,,,,,,,,,,,,,qty:0,,,,,,,,,,,,0,0,0,0,0,
DW-1212,Sofa,1200,qty:2,,,15,,75,35,qty:10,16,1250,qty:2.4,125,120,700,,,300,,250,150,200,250,150,200,40,840,"5,076","1,523","13,198","9,898",
DW-1213,Loveseat,900,qty:2,,,12,,60,30,qty:7,14,950,qty:2.4,125,80,700,,,300,,250,125,200,250,150,150,40,790,"4,336","1,301","11,274","8,455",
DW-1213,Sofa,1200,qty:2,,,15,,75,35,qty:10,16,1250,qty:2.4,125,120,700,,,100,,250,150,200,250,150,200,40,840,"4,876","1,463","12,678","9,508",
DW-1216,Chair,650,qty:1,,,10,,30,20,qty:5,10,850,qty:1.2,75,40,350,,,100,,200,100,150,200,100,100,40,590,"3,025",908,"7,865","5,899",
DW-1216,Loveseat,900,qty:2,,,12,,60,30,qty:7,14,1100,qty:2.4,125,80,700,,,100,,250,125,200,250,150,150,40,790,"4,286","1,286","11,144","8,358",
DW-1217,Chair,,,,,,,,,,,,,,,,,,,,,,,,,,,0,0,0,0,0,
DW-1219,Chaise Lounge,,,,,,,,,,,,,,,,,,,,,,,,,,,0,0,0,0,0,
DW-1220 (DA-101),Armless Chaise with Right Bookshelf,,,,,,,,,,,,,,,,,,,,,,,,,,,0,0,0,0,0,
DW-1220 (DA-101),Left Corner with Armless Bumper,,,,,,,,,,,,,,,,,,,,,,,,,,,0,0,0,0,0,
DW-1220 (DA-101),Left One-Arm Sofa,,,,,,,,,,,,,,,,,,,,,,,,,,,0,0,0,0,0,
DW-1220 (DA-101),Right Corner with Armless Bumper,,,,,,,,,,,,,,,,,,,,,,,,,,,0,0,0,0,0,
DW-1220 (DA-101),Right One-Arm Sofa,,,,,,,,,,,,,,,,,,,,,,,,,,,0,0,0,0,0,
DW-1220 (DA-101),Right One-Arm Sofa,,,,,,,,,,,,,,,,,,,,,,,,,,,0,0,0,0,0,
DW-1221 (DA-103),Sofa,,,,,,,,,,,,,,,,,,,,,,,,,,,0,0,0,0,0,
DW-1221 (DA-103),Sofa,,,,,,,,,,,,,,,,,,,,,,,,,,,0,0,0,0,0,
FC-03,Armless Sofa,,,,,,,,,,,,,,,,,,,,,,,,,,,0,0,0,0,0,
FC-03,Chair,,,,,,,,,,,,,,,,,,,,,,,,,,,0,0,0,0,0,
FC-03,Ottoman,,,,,,,,,,,,,,,,,,,,,,,,,,,0,0,0,0,0,
FC-09,Chair,800,qty:1,,,10,,30,20,qty:6,10,800,qty:1.2,75,40,350,,,450,,200,100,150,200,100,100,40,590,"3,475","1,043","9,035","6,776",
FC-09,Loveseat,1200,qty:2,,,12,,60,30,qty:8,14,1100,qty:2.4,100,100,700,,,450,,250,150,200,250,150,200,40,840,"5,006","1,502","13,016","9,762",
FC-09,Sofa,1500,qty:2,,,15,,75,35,qty:11,16,1350,qty:2.4,100,100,700,,,450,,250,150,200,250,150,200,40,840,"5,581","1,674","14,511","10,883",
FC-09,Right One-Arm Loveseat,1100,qty:2,,,12,,50,25,qty:7,11,1050,qty:2.4,75,80,700,,,450,,250,125,200,250,150,150,40,790,"4,718","1,415","12,267","9,200",
FC-09,Left One-Arm Loveseat,1100,qty:2,,,12,,50,25,qty:7,11,1050,qty:2.4,75,80,700,,,450,,250,125,200,250,150,150,40,790,"4,718","1,415","12,267","9,200",
FC-09,Right One-Arm Chaise,1050,qty:1,,,12,,50,25,qty:7,11,1050,qty:2.4,75,80,500,,,450,,250,125,200,250,150,150,40,790,"4,468","1,340","11,617","8,713",
FC-09,Left One-Arm Chaise,1050,qty:1,,,12,,50,25,qty:7,11,1050,qty:2.4,75,80,500,,,450,,250,125,200,250,150,150,40,790,"4,468","1,340","11,617","8,713",
FC-09,Right One-Arm Sofa,1150,qty:2,,,15,,75,35,qty:10,16,1250,qty:2.4,100,100,700,,,450,,250,150,200,250,150,200,40,840,"5,131","1,539","13,341","10,005",
FC-09,Left One-Arm Sofa,1150,qty:2,,,15,,75,35,qty:10,16,1250,qty:2.4,100,100,700,,,450,,250,150,200,250,150,200,40,840,"5,131","1,539","13,341","10,005",
FC-12,Accent Pillow (Box),,,,,,,,,,,,,,,,,,,,,,,,,,,0,0,0,0,0,
FC-12,Back Pillow (Box),,,,,,,,,,,,,,,,,,,,,,,,,,,0,0,0,0,0,
FC-12,Chair,800,qty:1,,,10,,30,20,qty:5,10,700,qty:1.2,75,40,350,,,300,,200,100,150,200,100,100,40,590,"3,225",968,"8,385","6,289",
FC-12,Loveseat,1200,qty:2,,,12,,60,30,qty:8,14,1100,qty:2.4,100,100,700,,,300,,250,150,200,250,150,200,40,840,"4,856","1,457","12,626","9,469",
FC-12,Sofa,1500,qty:2,,,15,,75,35,qty:11,16,1350,qty:2.4,100,100,700,,,300,,250,150,200,250,150,200,40,840,"5,431","1,629","14,121","10,590",
FC-12,Right One-Arm Loveseat,1100,qty:2,,,12,,50,25,qty:7,11,1050,qty:2.4,75,80,700,,,300,,250,125,200,250,150,150,40,790,"4,568","1,370","11,877","8,908",
FC-12,Left One-Arm Loveseat,1100,qty:2,,,12,,50,25,qty:7,11,1050,qty:2.4,75,80,700,,,300,,250,125,200,250,150,150,40,790,"4,568","1,370","11,877","8,908",
FC-12,Right One-Arm Chaise,1050,qty:1,,,12,,50,25,qty:7,11,1050,qty:2.4,75,80,500,,,300,,250,125,200,250,150,150,40,790,"4,318","1,295","11,227","8,420",
FC-12,Left One-Arm Chaise,1050,qty:1,,,12,,50,25,qty:7,11,1050,qty:2.4,75,80,500,,,300,,250,125,200,250,150,150,40,790,"4,318","1,295","11,227","8,420",
FC-12,Right One-Arm Sofa,1150,qty:2,,,15,,75,35,qty:10,16,1150,qty:2.4,100,100,700,,,300,,250,150,200,250,150,200,40,840,"4,881","1,464","12,691","9,518",
FC-12,Left One-Arm Sofa,1150,qty:2,,,15,,75,35,qty:10,16,1150,qty:2.4,100,100,700,,,300,,250,150,200,250,150,200,40,840,"4,881","1,464","12,691","9,518",
FC-12,Ottoman,600,qty:1,,,8,,20,15,qty:3.5,8,550,qty:1.2,qty:0,qty:1,qty:0,,,300,,200,100,150,200,100,100,40,590,"2,391",717,"6,217","4,662",
FC-1633,Chair,800,qty:1,,,10,,30,20,qty:5,10,700,qty:1.2,qty:10,qty:1,qty:2.7,,,300,,200,100,150,200,100,100,40,590,"2,760",828,"7,176","5,382",
FC-1633,Loveseat,1200,qty:2,,,12,,60,30,qty:8,14,1100,qty:2.4,qty:2,qty:2,qty:5.4,,,300,,250,150,200,250,150,200,40,840,"3,956","1,187","10,286","7,714",
FC-1633,Sofa,1500,qty:2,,,15,,75,35,qty:11,16,1350,qty:3.6,qty:3,qty:3,qty:8.1,,,300,,250,150,200,250,150,200,40,840,"4,531","1,359","11,781","8,835",
FC-1633,Right One-Arm Loveseat,1100,qty:2,,,12,,50,25,qty:7,11,1050,qty:2.4,qty:3,qty:2,qty:5.4,,,300,,250,125,200,250,150,150,40,790,"3,713","1,114","9,654","7,240",
FC-1633,Left One-Arm Loveseat,1100,qty:2,,,12,,50,25,qty:7,11,1050,qty:2.4,qty:3,qty:2,qty:5.4,,,300,,250,125,200,250,150,150,40,790,"3,713","1,114","9,654","7,240",
FC-1633,Armless Chaise with Right Bumper,1050,qty:1,,,12,,50,25,qty:7,11,1050,qty:2.4,qty:1,qty:2,qty:2.7,,,300,,250,125,200,250,150,150,40,790,"3,663","1,099","9,524","7,143",
FC-1633,Armless Chaise with Left Bumper,1050,qty:1,,,12,,50,25,qty:7,11,1050,qty:2.4,qty:1,qty:2,qty:2.7,,,300,,250,125,200,250,150,150,40,790,"3,663","1,099","9,524","7,143",
FC-1633,Ottoman,600,qty:1,,,8,,20,15,qty:3.5,8,550,qty:1.2,qty:0,qty:1,qty:0,,,300,,200,100,150,200,100,100,40,590,"2,391",717,"6,217","4,662",
FC-1633,Armless Chair with Left Bumper,700,qty:1,,,10,,35,25,qty:4.5,10,900,qty:1.8,qty:1,qty:1,qty:0.7,,,300,,200,100,150,200,100,100,40,590,"2,870",861,"7,462","5,597",
FC-1633,Armless Chair with Right Bumper,700,qty:1,,,10,,35,25,qty:4.5,10,900,qty:1.8,qty:1,qty:1,qty:0.7,,,300,,200,100,150,200,100,100,40,590,"2,870",861,"7,462","5,597",
FC-1633,Armless Loveseat,1000,qty:2,,,12,,50,25,qty:6,11,1000,qty:2.4,qty:2,qty:2,qty:1.4,,,300,,250,125,200,250,150,150,40,790,"3,563","1,069","9,264","6,948",
FC-1633,Armless Loveseat with Right Bumper,1025,qty:2,,,12,,50,25,qty:6.5,11,1000,qty:3,qty:2,qty:2.25,qty:1.4,,,300,,250,125,200,250,150,150,40,790,"3,588","1,076","9,329","6,997",
FC-1633,Armless Loveseat with Right Bumper,1025,qty:2,,,12,,50,25,qty:6.5,11,1000,qty:3,qty:2,qty:2.25,qty:1.4,,,300,,250,125,200,250,150,150,40,790,"3,588","1,076","9,329","6,997",
FC-1633,Corner,700,qty:1,,,10,,30,20,qty:4,10,800,qty:2.4,qty:2,qty:1,qty:0.7,,,300,,200,100,150,200,100,100,40,590,"2,760",828,"7,176","5,382",
FC-1633,Corner with Right Bumper,1100,qty:2,,,14,,50,25,qty:7,11,1000,qty:3.25,qty:3,qty:2.25,qty:0.7,,,300,,250,125,200,250,150,150,40,790,"3,665","1,100","9,529","7,147",
FC-1633,Corner with Left Bumper,1100,qty:2,,,14,,50,25,qty:7,11,1000,qty:3.25,qty:3,qty:2.25,qty:0.7,,,300,,250,125,200,250,150,150,40,790,"3,665","1,100","9,529","7,147",
FC-1534,Chair,,,,,,,,,,,,,,,,,,,,,,,,,,,0,0,0,0,0,
FC-1536,Sofa  Sleeper,,,,,,,,,,,,,,,,,,,,,,,,,,,0,0,0,0,0,
FC-1605,Sofa  Sleeper,,,,,,,,,,,,,,,,,,,,,,,,,,,0,0,0,0,0,
FC-1607,Wood Frame,,,,,,,,,,,,,,,,,,,,,,,,,,,0,0,0,0,0,
FC-1614,Left One-Arm Chaise,,,,,,,,,,,,,,,,,,,,,,,,,,,0,0,0,0,0,
FC-1614,Right One-Arm Loveseat,,,,,,,,,,,,,,,,,,,,,,,,,,,0,0,0,0,0,
FC-1617,Sofa  Sleeper,,,,,,,,,,,,,,,,,,,,,,,,,,,0,0,0,0,0,
FC-1629,Left One-Arm Loveseat,,,,,,,,,,,,,,,,,,,,,,,,,,,0,0,0,0,0,
FC-1629,Right One-Arm Chaise,,,,,,,,,,,,,,,,,,,,,,,,,,,0,0,0,0,0,
FC-1640,Left One-Arm Chaise,,,,,,,,,,,,,,,,,,,,,,,,,,,0,0,0,0,0,
FC-1640,Loveseat,,,,,,,,,,,,,,,,,,,,,,,,,,,0,0,0,0,0,
FC-1640,Right One-Arm Loveseat,,,,,,,,,,,,,,,,,,,,,,,,,,,0,0,0,0,0,
FC-1641,Left Armless Loveseat with Bumper,,,,,,,,,,,,,,,,,,,,,,,,,,,0,0,0,0,0,
FC-1641,Left One-Arm Loveseat,,,,,,,,,,,,,,,,,,,,,,,,,,,0,0,0,0,0,
FC-1641,Right Corner with Armless Bumper,,,,,,,,,,,,,,,,,,,,,,,,,,,0,0,0,0,0,
FC-1642,Sofa Bed,,,,,,,,,,,,,,,,,,,,,,,,,,,0,0,0,0,0,
"KES 12""X24""",Lumbar Pillow,,,,,,,,,,,,,,,,,,,,,,,,,,,0,0,0,0,0,
"KES 17""",Accent Pillow,,,,,,,,,,,,,,,,,,,,,,,,,,,0,0,0,0,0,
NDW-01,Cabinet,,,,,,,,,,,,,,,,,,,,,,,,,,,0,0,0,0,0,
NDW-03,Cabinet,,,,,,,,,,,,,,,,,,,,,,,,,,,0,0,0,0,0,
NDW-1201,Night Table,,,,,,,,,,,,,,,,,,,,,,,,,,,0,0,0,0,0,
PS-01,Chair,,,,,,,,,,,,,,,,,,,,,,,,,,,0,0,0,0,0,
PS-01,Loveseat,,,,,,,,,,,,,,,,,,,,,,,,,,,0,0,0,0,0,
PS-01,Ottoman,,,,,,,,,,,,,,,,,,,,,,,,,,,0,0,0,0,0,
PS-01,Sofa,,,,,,,,,,,,,,,,,,,,,,,,,,,0,0,0,0,0,
PS-02,Chair,,,,,,,,,,,,,,,,,,,,,,,,,,,0,0,0,0,0,
PS-10,Chair,,,,,,,,,,,,,,,,,,,,,,,,,,,0,0,0,0,0,
PS-10,Left One-Arm Chaise,,,,,,,,,,,,,,,,,,,,,,,,,,,0,0,0,0,0,
PS-10,Left One-Arm Loveseat,,,,,,,,,,,,,,,,,,,,,,,,,,,0,0,0,0,0,
PS-10,Left One-Arm Sofa,,,,,,,,,,,,,,,,,,,,,,,,,,,0,0,0,0,0,
PS-10,Loveseat,,,,,,,,,,,,,,,,,,,,,,,,,,,0,0,0,0,0,
PS-10,Right One-Arm Chaise,,,,,,,,,,,,,,,,,,,,,,,,,,,0,0,0,0,0,
PS-10,Right One-Arm Loveseat,,,,,,,,,,,,,,,,,,,,,,,,,,,0,0,0,0,0,
PS-10,Right One-Arm Sofa,,,,,,,,,,,,,,,,,,,,,,,,,,,0,0,0,0,0,
PS-10,Sofa,,,,,,,,,,,,,,,,,,,,,,,,,,,0,0,0,0,0,
PS-1002,Arm Chair,,,,,,,,,,,,,,,,,,,,,,,,,,,0,0,0,0,0,
PS-1002,Sofa,,,,,,,,,,,,,,,,,,,,,,,,,,,0,0,0,0,0,
PS-1008,Arm Chair,,,,,,,,,,,,,,,,,,,,,,,,,,,0,0,0,0,0,
PS-1008,Armless Loveseat,,,,,,,,,,,,,,,,,,,,,,,,,,,0,0,0,0,0,
PS-1008,Left One-Arm Chaise with Bumper,,,,,,,,,,,,,,,,,,,,,,,,,,,0,0,0,0,0,
PS-1008,Left One-Arm Sofa,,,,,,,,,,,,,,,,,,,,,,,,,,,0,0,0,0,0,
PS-1008,Right One-Arm Chaise with Bumper,,,,,,,,,,,,,,,,,,,,,,,,,,,0,0,0,0,0,
PS-1008,Right One-Arm Sofa,,,,,,,,,,,,,,,,,,,,,,,,,,,0,0,0,0,0,
PS-1008,Sofa,,,,,,,,,,,,,,,,,,,,,,,,,,,0,0,0,0,0,
PS-1009,Sofa,,,,,,,,,,,,,,,,,,,,,,,,,,,0,0,0,0,0,
PS-1010,Armless Chair,,,,,,,,,,,,,,,,,,,,,,,,,,,0,0,0,0,0,
PS-1010,Left Large One-Arm Chair with High Arm,,,,,,,,,,,,,,,,,,,,,,,,,,,0,0,0,0,0,
PS-1010,Left Large One-Arm Chair with Low Arm,,,,,,,,,,,,,,,,,,,,,,,,,,,0,0,0,0,0,
PS-1010,Left One-Arm Chair with High-Arm,,,,,,,,,,,,,,,,,,,,,,,,,,,0,0,0,0,0,
PS-1010,Left One-Arm Chair with Low-Arm,,,,,,,,,,,,,,,,,,,,,,,,,,,0,0,0,0,0,
PS-1010,Loveseat,,,,,,,,,,,,,,,,,,,,,,,,,,,0,0,0,0,0,
PS-1010,Right Large One-Arm Chair with High Arm,,,,,,,,,,,,,,,,,,,,,,,,,,,0,0,0,0,0,
PS-1010,Right Large One-Arm Chair with Low Arm,,,,,,,,,,,,,,,,,,,,,,,,,,,0,0,0,0,0,
PS-1010,Right One-Arm Chair with High-Arm,,,,,,,,,,,,,,,,,,,,,,,,,,,0,0,0,0,0,
PS-1010,Right One-Arm Chair with Low-Arm,,,,,,,,,,,,,,,,,,,,,,,,,,,0,0,0,0,0,
PS-1011,Armless Chair,,,,,,,,,,,,,,,,,,,,,,,,,,,0,0,0,0,0,
PS-1011,Corner,,,,,,,,,,,,,,,,,,,,,,,,,,,0,0,0,0,0,
PS-1011,Left Chaise Lounge,,,,,,,,,,,,,,,,,,,,,,,,,,,0,0,0,0,0,
PS-1011,Left One-Arm Chair,,,,,,,,,,,,,,,,,,,,,,,,,,,0,0,0,0,0,
PS-1011,Right Chaise Lounge,,,,,,,,,,,,,,,,,,,,,,,,,,,0,0,0,0,0,
PS-1011,Right One-Arm Chair,,,,,,,,,,,,,,,,,,,,,,,,,,,0,0,0,0,0,
PS-1012,Armless Lounge Sofa with Left Bookshelf,,,,,,,,,,,,,,,,,,,,,,,,,,,0,0,0,0,0,
PS-1012,Armless Lounge Sofa with Right Bookshelf,,,,,,,,,,,,,,,,,,,,,,,,,,,0,0,0,0,0,
PS-1012,Armless Loveseat with Bumper,,,,,,,,,,,,,,,,,,,,,,,,,,,0,0,0,0,0,
PS-1012,Armless Loveseat with Bumper,,,,,,,,,,,,,,,,,,,,,,,,,,,0,0,0,0,0,
PS-1012,Armless Sofa with Two Bookshelves,,,,,,,,,,,,,,,,,,,,,,,,,,,0,0,0,0,0,
PS-1012,Large Sofa,,,,,,,,,,,,,,,,,,,,,,,,,,,0,0,0,0,0,
PS-1012,Large Sofa with Storage,,,,,,,,,,,,,,,,,,,,,,,,,,,0,0,0,0,0,
PS-1012,Ottoman,,,,,,,,,,,,,,,,,,,,,,,,,,,0,0,0,0,0,
PS-1012,Right One-Arm Sofa with Two Bookshelves,,,,,,,,,,,,,,,,,,,,,,,,,,,0,0,0,0,0,
PS-1012,Right One-Arm Sofa with Two Bookshelves,,,,,,,,,,,,,,,,,,,,,,,,,,,0,0,0,0,0,
PS-1012,Sofa,,,,,,,,,,,,,,,,,,,,,,,,,,,0,0,0,0,0,
PS-1013,Armless Sofa with Table,,,,,,,,,,,,,,,,,,,,,,,,,,,0,0,0,0,0,
PS-1013,Left One-Arm Sofa with Table,,,,,,,,,,,,,,,,,,,,,,,,,,,0,0,0,0,0,
PS-1013,Right One-Arm Sofa with Table,,,,,,,,,,,,,,,,,,,,,,,,,,,0,0,0,0,0,
PS-1015,Large Sofa,,,,,,,,,,,,,,,,,,,,,,,,,,,0,0,0,0,0,
PS-1015,Sofa,,,,,,,,,,,,,,,,,,,,,,,,,,,0,0,0,0,0,
PS-1016,Left One-Arm Chaise with Bumper,,,,,,,,,,,,,,,,,,,,,,,,,,,0,0,0,0,0,
PS-1016,Left One-Arm Sofa,,,,,,,,,,,,,,,,,,,,,,,,,,,0,0,0,0,0,
PS-1016,Right One-Arm Chaise with Bumper,,,,,,,,,,,,,,,,,,,,,,,,,,,0,0,0,0,0,
PS-1016,Right One-Arm Sofa,,,,,,,,,,,,,,,,,,,,,,,,,,,0,0,0,0,0,
PS-1017,Left One-Arm Chaise,,,,,,,,,,,,,,,,,,,,,,,,,,,0,0,0,0,0,
PS-1017,Left One-Arm Loveseat,,,,,,,,,,,,,,,,,,,,,,,,,,,0,0,0,0,0,
PS-1017,Left One-Arm Sofa,,,,,,,,,,,,,,,,,,,,,,,,,,,0,0,0,0,0,
PS-1017,Right One-Arm Chaise,,,,,,,,,,,,,,,,,,,,,,,,,,,0,0,0,0,0,
PS-1017,Right One-Arm Sofa,,,,,,,,,,,,,,,,,,,,,,,,,,,0,0,0,0,0,
PS-1018,Large Sofa,,,,,,,,,,,,,,,,,,,,,,,,,,,0,0,0,0,0,
PS-1019,Accent Pillow,,,,,,,,,,,,,,,,,,,,,,,,,,,0,0,0,0,0,
PS-1019,Armless Chair,,,,,,,,,,,,,,,,,,,,,,,,,,,0,0,0,0,0,
PS-1019,Back Pillow,,,,,,,,,,,,,,,,,,,,,,,,,,,0,0,0,0,0,
PS-1019,Left One-Arm Chaise,,,,,,,,,,,,,,,,,,,,,,,,,,,0,0,0,0,0,
PS-1019,Left One-Arm Loveseat,,,,,,,,,,,,,,,,,,,,,,,,,,,0,0,0,0,0,
PS-1019,Left One-Arm Sofa,,,,,,,,,,,,,,,,,,,,,,,,,,,0,0,0,0,0,
PS-1019,Loveseat,,,,,,,,,,,,,,,,,,,,,,,,,,,0,0,0,0,0,
PS-1019,Lumbar Pillow,,,,,,,,,,,,,,,,,,,,,,,,,,,0,0,0,0,0,
PS-1019,Ottoman,,,,,,,,,,,,,,,,,,,,,,,,,,,0,0,0,0,0,
PS-1019,Right One-Arm Chaise,,,,,,,,,,,,,,,,,,,,,,,,,,,0,0,0,0,0,
PS-1019,Right One-Arm Loveseat,,,,,,,,,,,,,,,,,,,,,,,,,,,0,0,0,0,0,
PS-1019,Right One-Arm Sofa,,,,,,,,,,,,,,,,,,,,,,,,,,,0,0,0,0,0,
PS-1020,Left One-Arm Chaise with Bumper,,,,,,,,,,,,,,,,,,,,,,,,,,,0,0,0,0,0,
PS-1020,Left One-Arm Sofa,,,,,,,,,,,,,,,,,,,,,,,,,,,0,0,0,0,0,
PS-1020,Right One-Arm Chaise with Bumper,,,,,,,,,,,,,,,,,,,,,,,,,,,0,0,0,0,0,
PS-1020,Right One-Arm Sofa,,,,,,,,,,,,,,,,,,,,,,,,,,,0,0,0,0,0,
PS-1026,Loveseat,,,,,,,,,,,,,,,,,,,,,,,,,,,0,0,0,0,0,
PS-1026,Ottoman,,,,,,,,,,,,,,,,,,,,,,,,,,,0,0,0,0,0,
PS-1026,Sofa,,,,,,,,,,,,,,,,,,,,,,,,,,,0,0,0,0,0,
PS-1027,Left One-Arm Chaise with Bookshelf,,,,,,,,,,,,,,,,,,,,,,,,,,,0,0,0,0,0,
PS-1027,Left One-Arm Sofa with Bookshelf,,,,,,,,,,,,,,,,,,,,,,,,,,,0,0,0,0,0,
PS-1027,Right One-Arm Chaise with Bookshelf,,,,,,,,,,,,,,,,,,,,,,,,,,,0,0,0,0,0,
PS-1027,Right One-Arm Sofa with Bookshelf,,,,,,,,,,,,,,,,,,,,,,,,,,,0,0,0,0,0,
PS-1027,Sofa,,,,,,,,,,,,,,,,,,,,,,,,,,,0,0,0,0,0,
PS-1028,Accent Pillow,,,,,,,,,,,,,,,,,,,,,,,,,,,0,0,0,0,0,
PS-1028,Armless Chair,,,,,,,,,,,,,,,,,,,,,,,,,,,0,0,0,0,0,
PS-1028,Armless Loveseat,,,,,,,,,,,,,,,,,,,,,,,,,,,0,0,0,0,0,
PS-1028,Back Pillow,,,,,,,,,,,,,,,,,,,,,,,,,,,0,0,0,0,0,
PS-1028,Chair,,,,,,,,,,,,,,,,,,,,,,,,,,,0,0,0,0,0,
PS-1028,Corner Pillow,,,,,,,,,,,,,,,,,,,,,,,,,,,0,0,0,0,0,
PS-1028,Left One-Arm Chaise,,,,,,,,,,,,,,,,,,,,,,,,,,,0,0,0,0,0,
PS-1028,Left One-Arm Large Chair,,,,,,,,,,,,,,,,,,,,,,,,,,,0,0,0,0,0,
PS-1028,Left One-Arm Loveseat,,,,,,,,,,,,,,,,,,,,,,,,,,,0,0,0,0,0,
PS-1028,Left One-Arm Sofa,,,,,,,,,,,,,,,,,,,,,,,,,,,0,0,0,0,0,
PS-1028,Loveseat,,,,,,,,,,,,,,,,,,,,,,,,,,,0,0,0,0,0,
PS-1028,Lumbar Pillow,,,,,,,,,,,,,,,,,,,,,,,,,,,0,0,0,0,0,
PS-1028,Ottoman,,,,,,,,,,,,,,,,,,,,,,,,,,,0,0,0,0,0,
PS-1028,Right One-Arm Chaise,,,,,,,,,,,,,,,,,,,,,,,,,,,0,0,0,0,0,
PS-1028,Right One-Arm Large Chair,,,,,,,,,,,,,,,,,,,,,,,,,,,0,0,0,0,0,
PS-1028,Right One-Arm Loveseat,,,,,,,,,,,,,,,,,,,,,,,,,,,0,0,0,0,0,
PS-1028,Right One-Arm Sofa,,,,,,,,,,,,,,,,,,,,,,,,,,,0,0,0,0,0,
PS-1029,Chair,,,,,,,,,,,,,,,,,,,,,,,,,,,0,0,0,0,0,
PS-1029,Left One-Arm Chaise,,,,,,,,,,,,,,,,,,,,,,,,,,,0,0,0,0,0,
PS-1029,Left One-Arm Loveseat,,,,,,,,,,,,,,,,,,,,,,,,,,,0,0,0,0,0,
PS-1029,Left One-Arm Sofa,,,,,,,,,,,,,,,,,,,,,,,,,,,0,0,0,0,0,
PS-1029,Loveseat,,,,,,,,,,,,,,,,,,,,,,,,,,,0,0,0,0,0,
PS-1029,Ottoman,,,,,,,,,,,,,,,,,,,,,,,,,,,0,0,0,0,0,
PS-1029,Right One-Arm Chaise,,,,,,,,,,,,,,,,,,,,,,,,,,,0,0,0,0,0,
PS-1029,Right One-Arm Loveseat,,,,,,,,,,,,,,,,,,,,,,,,,,,0,0,0,0,0,
PS-1029,Right One-Arm Sofa,,,,,,,,,,,,,,,,,,,,,,,,,,,0,0,0,0,0,
PS-1029,Sofa,,,,,,,,,,,,,,,,,,,,,,,,,,,0,0,0,0,0,
PS-1030,Accent Pillow,,,,,,,,,,,,,,,,,,,,,,,,,,,0,0,0,0,0,
PS-1030,Chair,,,,,,,,,,,,,,,,,,,,,,,,,,,0,0,0,0,0,
PS-1030,Left One-Arm Chaise,,,,,,,,,,,,,,,,,,,,,,,,,,,0,0,0,0,0,
PS-1030,Right One-Arm Chaise,,,,,,,,,,,,,,,,,,,,,,,,,,,0,0,0,0,0,
PS-1030,Sofa,,,,,,,,,,,,,,,,,,,,,,,,,,,0,0,0,0,0,
PS-1031,Armless Loveseat,,,,,,,,,,,,,,,,,,,,,,,,,,,0,0,0,0,0,
PS-1031,Left One-Arm Chaise,,,,,,,,,,,,,,,,,,,,,,,,,,,0,0,0,0,0,
PS-1031,Left One-Arm Loveseat,,,,,,,,,,,,,,,,,,,,,,,,,,,0,0,0,0,0,
PS-1031,Left One-Arm Sofa,,,,,,,,,,,,,,,,,,,,,,,,,,,0,0,0,0,0,
PS-1031,Loveseat,,,,,,,,,,,,,,,,,,,,,,,,,,,0,0,0,0,0,
PS-1031,Ottoman,,,,,,,,,,,,,,,,,,,,,,,,,,,0,0,0,0,0,
PS-1031,Right One-Arm Chaise,,,,,,,,,,,,,,,,,,,,,,,,,,,0,0,0,0,0,
PS-1031,Right One-Arm Loveseat,,,,,,,,,,,,,,,,,,,,,,,,,,,0,0,0,0,0,
PS-1031,Right One-Arm Sofa,,,,,,,,,,,,,,,,,,,,,,,,,,,0,0,0,0,0,
PS-1031,Sofa,,,,,,,,,,,,,,,,,,,,,,,,,,,0,0,0,0,0,
PS-1032,Arm Chair,,,,,,,,,,,,,,,,,,,,,,,,,,,0,0,0,0,0,
PS-1032,Loveseat,,,,,,,,,,,,,,,,,,,,,,,,,,,0,0,0,0,0,
PS-1032,Sofa,,,,,,,,,,,,,,,,,,,,,,,,,,,0,0,0,0,0,
PS-1086,Left One-Arm Sofa,,,,,,,,,,,,,,,,,,,,,,,,,,,0,0,0,0,0,
PS-1086,Right One-Arm Loveseat,,,,,,,,,,,,,,,,,,,,,,,,,,,0,0,0,0,0,
PS-1086,Right One-Arm Loveseat,,,,,,,,,,,,,,,,,,,,,,,,,,,0,0,0,0,0,
PS-1086,Right One-Arm Sofa,,,,,,,,,,,,,,,,,,,,,,,,,,,0,0,0,0,0,
PS-1086,Sofa,,,,,,,,,,,,,,,,,,,,,,,,,,,0,0,0,0,0,
PS-1087,Sofa,,,,,,,,,,,,,,,,,,,,,,,,,,,0,0,0,0,0,
PS-11,Chair,,,,,,,,,,,,,,,,,,,,,,,,,,,0,0,0,0,0,
PS-11,Left One-Arm Chair,,,,,,,,,,,,,,,,,,,,,,,,,,,0,0,0,0,0,
PS-11,Left One-Arm Sofa with Bumper,,,,,,,,,,,,,,,,,,,,,,,,,,,0,0,0,0,0,
PS-11,Loveseat,,,,,,,,,,,,,,,,,,,,,,,,,,,0,0,0,0,0,
PS-11,Ottoman,,,,,,,,,,,,,,,,,,,,,,,,,,,0,0,0,0,0,
PS-11,Right One-Arm Chair,,,,,,,,,,,,,,,,,,,,,,,,,,,0,0,0,0,0,
PS-11,Right One-Arm Sofa with Bumper,,,,,,,,,,,,,,,,,,,,,,,,,,,0,0,0,0,0,
PS-11,Sofa,,,,,,,,,,,,,,,,,,,,,,,,,,,0,0,0,0,0,
PS-12,Left One-Arm Loveseat,,,,,,,,,,,,,,,,,,,,,,,,,,,0,0,0,0,0,
PS-12,Ottoman,,,,,,,,,,,,,,,,,,,,,,,,,,,0,0,0,0,0,
PS-13,Loveseat,,,,,,,,,,,,,,,,,,,,,,,,,,,0,0,0,0,0,
PS-13,Ottoman,,,,,,,,,,,,,,,,,,,,,,,,,,,0,0,0,0,0,
PS-14,Left One-Arm Chair Right Return,,,,,,,,,,,,,,,,,,,,,,,,,,,0,0,0,0,0,
PS-14,Left One-Arm Loveseat,,,,,,,,,,,,,,,,,,,,,,,,,,,0,0,0,0,0,
PS-14,Left One-Arm Loveseat Right Return,,,,,,,,,,,,,,,,,,,,,,,,,,,0,0,0,0,0,
PS-14,Left One-Arm Sofa,,,,,,,,,,,,,,,,,,,,,,,,,,,0,0,0,0,0,
PS-14,Left One-Arm Sofa Right Return,,,,,,,,,,,,,,,,,,,,,,,,,,,0,0,0,0,0,
PS-14,Left Return Loveseat,,,,,,,,,,,,,,,,,,,,,,,,,,,0,0,0,0,0,
PS-14,Left Return Sofa,,,,,,,,,,,,,,,,,,,,,,,,,,,0,0,0,0,0,
PS-14,Low-Arm Chair,,,,,,,,,,,,,,,,,,,,,,,,,,,0,0,0,0,0,
PS-14,Low-Arm Loveseat,,,,,,,,,,,,,,,,,,,,,,,,,,,0,0,0,0,0,
PS-14,Low-Arm Sofa,,,,,,,,,,,,,,,,,,,,,,,,,,,0,0,0,0,0,
PS-14,Right One-Arm Chair Left Return,,,,,,,,,,,,,,,,,,,,,,,,,,,0,0,0,0,0,
PS-14,Right One-Arm Loveseat,,,,,,,,,,,,,,,,,,,,,,,,,,,0,0,0,0,0,
PS-14,Right One-Arm Loveseat Left Return,,,,,,,,,,,,,,,,,,,,,,,,,,,0,0,0,0,0,
PS-14,Right One-Arm Sofa,,,,,,,,,,,,,,,,,,,,,,,,,,,0,0,0,0,0,
PS-14,Right One-Arm Sofa  Left Return,,,,,,,,,,,,,,,,,,,,,,,,,,,0,0,0,0,0,
PS-14,Right Return Loveseat,,,,,,,,,,,,,,,,,,,,,,,,,,,0,0,0,0,0,
PS-14,Right Return Sofa,,,,,,,,,,,,,,,,,,,,,,,,,,,0,0,0,0,0,
PS-16,Bench,,,,,,,,,,,,,,,,,,,,,,,,,,,0,0,0,0,0,
PS-16,Chair,650,qty:1,,,10,,30,20,qty:5,10,850,qty:0.1,75,40,350,,,300,,200,100,150,200,100,100,40,590,"3,225",968,"8,385","6,289",
PS-16,Sofa,,,,,,,,,,,,,,,,,,,,,,,,,,,0,0,0,0,0,
PS-18,Chair,650,qty:1,,,10,,30,20,qty:5,10,850,qty:0.1,75,40,350,,,300,,200,100,150,200,100,100,40,590,"3,225",968,"8,385","6,289",
PS-18,Sofa,1200,qty:2,,,15,,75,35,qty:10,16,1250,qty:0.2,125,120,700,,,300,,250,150,200,250,150,150,40,790,"5,026","1,508","13,068","9,801",
PS-18,Loveseat,900,qty:2,,,12,,60,30,qty:7,14,950,qty:0.2,125,80,700,,,300,,250,125,200,250,150,150,40,790,"4,336","1,301","11,274","8,455",
PS-18,Ottoman,400,qty:1,,,8,,20,15,qty:2,8,450,qty:0.1,50,40,qty:0,,,300,,200,100,150,200,100,100,40,590,"2,181",654,"5,671","4,253",
PS-19,Chair,,,,,,,,,,,,,,,,,,,,,,,,,,,0,0,0,0,0,
PS-19,Loveseat,,,,,,,,,,,,,,,,,,,,,,,,,,,0,0,0,0,0,
PS-19,Sofa,,,,,,,,,,,,,,,,,,,,,,,,,,,0,0,0,0,0,
PS-2011,Double Sofa with Bumper,,,,,,,,,,,,,,,,,,,,,,,,,,,0,0,0,0,0,
PS-2013,Armless Large Chair,,,,,,,,,,,,,,,,,,,,,,,,,,,0,0,0,0,0,
PS-2013,Bench,,,,,,,,,,,,,,,,,,,,,,,,,,,0,0,0,0,0,
PS-2013,Left One-Arm Large Chair,,,,,,,,,,,,,,,,,,,,,,,,,,,0,0,0,0,0,
PS-2013,Ottoman,,,,,,,,,,,,,,,,,,,,,,,,,,,0,0,0,0,0,
PS-2013,Sofa,,,,,,,,,,,,,,,,,,,,,,,,,,,0,0,0,0,0,
PS-2031,Chaise Lounge,,,,,,,,,,,,,,,,,,,,,,,,,,,0,0,0,0,0,
PS-601,Corner,,,,,,,,,,,,,,,,,,,,,,,,,,,0,0,0,0,0,
PS-601,Corner / Armless Bumper,,,,,,,,,,,,,,,,,,,,,,,,,,,0,0,0,0,0,
PS-601,Left One-Arm Loveseat,,,,,,,,,,,,,,,,,,,,,,,,,,,0,0,0,0,0,
PS-601,Left One-Arm Sofa,,,,,,,,,,,,,,,,,,,,,,,,,,,0,0,0,0,0,
PS-601,Loveseat,,,,,,,,,,,,,,,,,,,,,,,,,,,0,0,0,0,0,
PS-601,Ottoman,,,,,,,,,,,,,,,,,,,,,,,,,,,0,0,0,0,0,
PS-601,Right One-Arm Loveseat,,,,,,,,,,,,,,,,,,,,,,,,,,,0,0,0,0,0,
PS-601,Right One-Arm Sofa,,,,,,,,,,,,,,,,,,,,,,,,,,,0,0,0,0,0,
PS-601,Sofa,,,,,,,,,,,,,,,,,,,,,,,,,,,0,0,0,0,0,
PS-602,Loveseat,,,,,,,,,,,,,,,,,,,,,,,,,,,0,0,0,0,0,
PS-602,Ottoman,,,,,,,,,,,,,,,,,,,,,,,,,,,0,0,0,0,0,
PS-602,Sofa,,,,,,,,,,,,,,,,,,,,,,,,,,,0,0,0,0,0,
PS-604,Chair,,,,,,,,,,,,,,,,,,,,,,,,,,,0,0,0,0,0,
PS-604,Left Corner with Bumper,,,,,,,,,,,,,,,,,,,,,,,,,,,0,0,0,0,0,
PS-604,Left One-Arm Loveseat,,,,,,,,,,,,,,,,,,,,,,,,,,,0,0,0,0,0,
PS-604,Left One-Arm Sofa,,,,,,,,,,,,,,,,,,,,,,,,,,,0,0,0,0,0,
PS-604,Loveseat,,,,,,,,,,,,,,,,,,,,,,,,,,,0,0,0,0,0,
PS-604,Ottoman,,,,,,,,,,,,,,,,,,,,,,,,,,,0,0,0,0,0,
PS-604,Right Corner with Bumper,,,,,,,,,,,,,,,,,,,,,,,,,,,0,0,0,0,0,
PS-604,Right One-Arm Loveseat,,,,,,,,,,,,,,,,,,,,,,,,,,,0,0,0,0,0,
PS-604,Right One-Arm Sofa,,,,,,,,,,,,,,,,,,,,,,,,,,,0,0,0,0,0,
PS-604,Sofa,,,,,,,,,,,,,,,,,,,,,,,,,,,0,0,0,0,0,
PS-605,Armless Chair,,,,,,,,,,,,,,,,,,,,,,,,,,,0,0,0,0,0,
PS-605,Armless Loveseat,,,,,,,,,,,,,,,,,,,,,,,,,,,0,0,0,0,0,
PS-605,Armless Loveseat with Bumper,,,,,,,,,,,,,,,,,,,,,,,,,,,0,0,0,0,0,
PS-605,Armless Sofa,,,,,,,,,,,,,,,,,,,,,,,,,,,0,0,0,0,0,
PS-605,Armless Sofa with Left Bumper,,,,,,,,,,,,,,,,,,,,,,,,,,,0,0,0,0,0,
PS-605,Armless Sofa with Right Bumper,,,,,,,,,,,,,,,,,,,,,,,,,,,0,0,0,0,0,
PS-605,Back Pillow (Box),,,,,,,,,,,,,,,,,,,,,,,,,,,0,0,0,0,0,
PS-605,Back Pillow Case (Box),,,,,,,,,,,,,,,,,,,,,,,,,,,0,0,0,0,0,
PS-605,Corner,,,,,,,,,,,,,,,,,,,,,,,,,,,0,0,0,0,0,
PS-605,Large Armless Sofa,,,,,,,,,,,,,,,,,,,,,,,,,,,0,0,0,0,0,
PS-605,Left One-Arm Chair,,,,,,,,,,,,,,,,,,,,,,,,,,,0,0,0,0,0,
PS-605,Left One-Arm Chaise,,,,,,,,,,,,,,,,,,,,,,,,,,,0,0,0,0,0,
PS-605,Left One-Arm Loveseat,,,,,,,,,,,,,,,,,,,,,,,,,,,0,0,0,0,0,
PS-605,Left One-Arm Sofa,,,,,,,,,,,,,,,,,,,,,,,,,,,0,0,0,0,0,
PS-605,Left One-Arm Sofa with Bumper,,,,,,,,,,,,,,,,,,,,,,,,,,,0,0,0,0,0,
PS-605,Loveseat,,,,,,,,,,,,,,,,,,,,,,,,,,,0,0,0,0,0,
PS-605,Ottoman,,,,,,,,,,,,,,,,,,,,,,,,,,,0,0,0,0,0,
PS-605,Right One-Arm Chair,,,,,,,,,,,,,,,,,,,,,,,,,,,0,0,0,0,0,
PS-605,Right One-Arm Chaise,,,,,,,,,,,,,,,,,,,,,,,,,,,0,0,0,0,0,
PS-605,Right One-Arm Loveseat,,,,,,,,,,,,,,,,,,,,,,,,,,,0,0,0,0,0,
PS-605,Right One-Arm Sofa,,,,,,,,,,,,,,,,,,,,,,,,,,,0,0,0,0,0,
PS-605,Right One-Arm Sofa with Bumper,,,,,,,,,,,,,,,,,,,,,,,,,,,0,0,0,0,0,
PS-605,Sofa,,,,,,,,,,,,,,,,,,,,,,,,,,,0,0,0,0,0,
PS-606,Corner with Bumper,,,,,,,,,,,,,,,,,,,,,,,,,,,0,0,0,0,0,
PS-606,Loveseat with Storage,,,,,,,,,,,,,,,,,,,,,,,,,,,0,0,0,0,0,
PS-606,Sofa with Storage,,,,,,,,,,,,,,,,,,,,,,,,,,,0,0,0,0,0,
PS-607,Corner,,,,,,,,,,,,,,,,,,,,,,,,,,,0,0,0,0,0,
PS-607,Loveseat,,,,,,,,,,,,,,,,,,,,,,,,,,,0,0,0,0,0,
PS-607,Ottoman,,,,,,,,,,,,,,,,,,,,,,,,,,,0,0,0,0,0,
PS-607,Sofa,,,,,,,,,,,,,,,,,,,,,,,,,,,0,0,0,0,0,
PS-608,Accent Pillow,,,,,,,,,,,,,,,,,,,,,,,,,,,0,0,0,0,0,
PS-608,Back Pillow,,,,,,,,,,,,,,,,,,,,,,,,,,,0,0,0,0,0,
PS-608,Corner Pillow,,,,,,,,,,,,,,,,,,,,,,,,,,,0,0,0,0,0,
PS-608,Left One-Arm Chaise,,,,,,,,,,,,,,,,,,,,,,,,,,,0,0,0,0,0,
PS-608,Left One-Arm Chaise with Bumper,,,,,,,,,,,,,,,,,,,,,,,,,,,0,0,0,0,0,
PS-608,Left One-Arm Loveseat,,,,,,,,,,,,,,,,,,,,,,,,,,,0,0,0,0,0,
PS-608,Left One-Arm Sofa,,,,,,,,,,,,,,,,,,,,,,,,,,,0,0,0,0,0,
PS-608,Lumbar Pillow,,,,,,,,,,,,,,,,,,,,,,,,,,,0,0,0,0,0,
PS-608,Ottoman,,,,,,,,,,,,,,,,,,,,,,,,,,,0,0,0,0,0,
PS-608,Right One-Arm Chaise,,,,,,,,,,,,,,,,,,,,,,,,,,,0,0,0,0,0,
PS-608,Right One-Arm Chaise with Bumper,,,,,,,,,,,,,,,,,,,,,,,,,,,0,0,0,0,0,
PS-608,Right One-Arm Loveseat,,,,,,,,,,,,,,,,,,,,,,,,,,,0,0,0,0,0,
PS-608,Right One-Arm Sofa,,,,,,,,,,,,,,,,,,,,,,,,,,,0,0,0,0,0,
PS-609,Corner with Bumper,,,,,,,,,,,,,,,,,,,,,,,,,,,0,0,0,0,0,
PS-609,Left One-Arm Chaise,,,,,,,,,,,,,,,,,,,,,,,,,,,0,0,0,0,0,
PS-609,Left One-Arm Loveseat,,,,,,,,,,,,,,,,,,,,,,,,,,,0,0,0,0,0,
PS-609,Left One-Arm Sofa,,,,,,,,,,,,,,,,,,,,,,,,,,,0,0,0,0,0,
PS-609,Right One-Arm Chaise,,,,,,,,,,,,,,,,,,,,,,,,,,,0,0,0,0,0,
PS-609,Right One-Arm Loveseat,,,,,,,,,,,,,,,,,,,,,,,,,,,0,0,0,0,0,
PS-609,Right One-Arm Sofa,,,,,,,,,,,,,,,,,,,,,,,,,,,0,0,0,0,0,
PS-701,Loveseat,,,,,,,,,,,,,,,,,,,,,,,,,,,0,0,0,0,0,
PS-701,Sofa,,,,,,,,,,,,,,,,,,,,,,,,,,,0,0,0,0,0,
PS-703,Armless Sofa / Round Bumper,,,,,,,,,,,,,,,,,,,,,,,,,,,0,0,0,0,0,
PS-703,Corner,,,,,,,,,,,,,,,,,,,,,,,,,,,0,0,0,0,0,
PS-703,Left One-Arm Sofa,,,,,,,,,,,,,,,,,,,,,,,,,,,0,0,0,0,0,
PS-703,Right One-Arm Sofa,,,,,,,,,,,,,,,,,,,,,,,,,,,0,0,0,0,0,
PS-705,Chair,,,,,,,,,,,,,,,,,,,,,,,,,,,0,0,0,0,0,
PS-705,Loveseat,,,,,,,,,,,,,,,,,,,,,,,,,,,0,0,0,0,0,
PS-705,Sofa,,,,,,,,,,,,,,,,,,,,,,,,,,,0,0,0,0,0,
PS-706,Left One-Arm Chaise,,,,,,,,,,,,,,,,,,,,,,,,,,,0,0,0,0,0,
PS-706,Left One-Arm Sofa,,,,,,,,,,,,,,,,,,,,,,,,,,,0,0,0,0,0,
PS-706,Right One-Arm Chaise,,,,,,,,,,,,,,,,,,,,,,,,,,,0,0,0,0,0,
PS-706,Right One-Arm Sofa,,,,,,,,,,,,,,,,,,,,,,,,,,,0,0,0,0,0,
PS-707,Left One-Arm Chaise,,,,,,,,,,,,,,,,,,,,,,,,,,,0,0,0,0,0,
PS-707,Left One-Arm Sofa,,,,,,,,,,,,,,,,,,,,,,,,,,,0,0,0,0,0,
PS-707,Ottoman,,,,,,,,,,,,,,,,,,,,,,,,,,,0,0,0,0,0,
PS-707,Right One-Arm Chaise,,,,,,,,,,,,,,,,,,,,,,,,,,,0,0,0,0,0,
PS-707,Right One-Arm Sofa,,,,,,,,,,,,,,,,,,,,,,,,,,,0,0,0,0,0,
PS-707,Sofa,,,,,,,,,,,,,,,,,,,,,,,,,,,0,0,0,0,0,
PS-708,Sofa,,,,,,,,,,,,,,,,,,,,,,,,,,,0,0,0,0,0,
PS-801,Corner,,,,,,,,,,,,,,,,,,,,,,,,,,,0,0,0,0,0,
PS-801,Left One-Arm Sofa,,,,,,,,,,,,,,,,,,,,,,,,,,,0,0,0,0,0,
PS-801,Loveseat,,,,,,,,,,,,,,,,,,,,,,,,,,,0,0,0,0,0,
PS-801,Right One-Arm Sofa,,,,,,,,,,,,,,,,,,,,,,,,,,,0,0,0,0,0,
PS-801,Sofa,,,,,,,,,,,,,,,,,,,,,,,,,,,0,0,0,0,0,
PS-802,Armless Chair,,,,,,,,,,,,,,,,,,,,,,,,,,,0,0,0,0,0,
PS-802,Corner,,,,,,,,,,,,,,,,,,,,,,,,,,,0,0,0,0,0,
PS-802,Left One-Arm Chair,,,,,,,,,,,,,,,,,,,,,,,,,,,0,0,0,0,0,
PS-802,Left One-Arm Chaise,,,,,,,,,,,,,,,,,,,,,,,,,,,0,0,0,0,0,
PS-802,Left One-Arm Loveseat,,,,,,,,,,,,,,,,,,,,,,,,,,,0,0,0,0,0,
PS-802,Right One-Arm Chair,,,,,,,,,,,,,,,,,,,,,,,,,,,0,0,0,0,0,
PS-802,Right One-Arm Chaise,,,,,,,,,,,,,,,,,,,,,,,,,,,0,0,0,0,0,
PS-803,Left One-Arm Chaise,,,,,,,,,,,,,,,,,,,,,,,,,,,0,0,0,0,0,
PS-803,Left One-Arm Sofa,,,,,,,,,,,,,,,,,,,,,,,,,,,0,0,0,0,0,
PS-803,Right One-Arm Chaise,,,,,,,,,,,,,,,,,,,,,,,,,,,0,0,0,0,0,
PS-803,Right One-Arm Sofa,,,,,,,,,,,,,,,,,,,,,,,,,,,0,0,0,0,0,
PS-804,Chaise,,,,,,,,,,,,,,,,,,,,,,,,,,,0,0,0,0,0,
PS-805,Armless Loveseat,,,,,,,,,,,,,,,,,,,,,,,,,,,0,0,0,0,0,
PS-805,Left One-Arm Sofa with Table,,,,,,,,,,,,,,,,,,,,,,,,,,,0,0,0,0,0,
PS-805,Right One-Arm Sofa with Table,,,,,,,,,,,,,,,,,,,,,,,,,,,0,0,0,0,0,
PS-805,Round Corner,,,,,,,,,,,,,,,,,,,,,,,,,,,0,0,0,0,0,
PS-901,Armless Chair,,,,,,,,,,,,,,,,,,,,,,,,,,,0,0,0,0,0,
PS-901,Corner,,,,,,,,,,,,,,,,,,,,,,,,,,,0,0,0,0,0,
PS-901,Large Armless Chair,,,,,,,,,,,,,,,,,,,,,,,,,,,0,0,0,0,0,
PS-901,Left One-Arm Chair,,,,,,,,,,,,,,,,,,,,,,,,,,,0,0,0,0,0,
PS-901,Ottoman,,,,,,,,,,,,,,,,,,,,,,,,,,,0,0,0,0,0,
PS-901,Right One-Arm Chair,,,,,,,,,,,,,,,,,,,,,,,,,,,0,0,0,0,0,
PS-902,Large Sofa,,,,,,,,,,,,,,,,,,,,,,,,,,,0,0,0,0,0,
PS-902,Sofa,,,,,,,,,,,,,,,,,,,,,,,,,,,0,0,0,0,0,
PS-905,Accent Pillow,,,,,,,,,,,,,,,,,,,,,,,,,,,0,0,0,0,0,
PS-905,Armless Chair,,,,,,,,,,,,,,,,,,,,,,,,,,,0,0,0,0,0,
PS-905,Armless Sofa,,,,,,,,,,,,,,,,,,,,,,,,,,,0,0,0,0,0,
PS-905,Back Pillow,,,,,,,,,,,,,,,,,,,,,,,,,,,0,0,0,0,0,
PS-905,Corner,,,,,,,,,,,,,,,,,,,,,,,,,,,0,0,0,0,0,
PS-905,Corner Pillow,,,,,,,,,,,,,,,,,,,,,,,,,,,0,0,0,0,0,
PS-905,Left Corner Return,,,,,,,,,,,,,,,,,,,,,,,,,,,0,0,0,0,0,
PS-905,Left Extended Corner,,,,,,,,,,,,,,,,,,,,,,,,,,,0,0,0,0,0,
PS-905,Left One-Arm Chair,,,,,,,,,,,,,,,,,,,,,,,,,,,0,0,0,0,0,
PS-905,Left One-Arm Sofa,,,,,,,,,,,,,,,,,,,,,,,,,,,0,0,0,0,0,
PS-905,Lumbar Pillow,,,,,,,,,,,,,,,,,,,,,,,,,,,0,0,0,0,0,
PS-905,Ottoman,,,,,,,,,,,,,,,,,,,,,,,,,,,0,0,0,0,0,
PS-905,Right Corner Return,,,,,,,,,,,,,,,,,,,,,,,,,,,0,0,0,0,0,
PS-905,Right Extended Corner,,,,,,,,,,,,,,,,,,,,,,,,,,,0,0,0,0,0,
PS-905,Right One-Arm Chair,,,,,,,,,,,,,,,,,,,,,,,,,,,0,0,0,0,0,
PS-905,Right One-Arm Sofa,,,,,,,,,,,,,,,,,,,,,,,,,,,0,0,0,0,0,
PS-906,Arm Chair,,,,,,,,,,,,,,,,,,,,,,,,,,,0,0,0,0,0,
PS-906,Left One-Arm Chaise with Bumper,,,,,,,,,,,,,,,,,,,,,,,,,,,0,0,0,0,0,
PS-906,Left One-Arm Loveseat,,,,,,,,,,,,,,,,,,,,,,,,,,,0,0,0,0,0,
PS-906,Left One-Arm Sofa,,,,,,,,,,,,,,,,,,,,,,,,,,,0,0,0,0,0,
PS-906,Loveseat,,,,,,,,,,,,,,,,,,,,,,,,,,,0,0,0,0,0,
PS-906,Ottoman,,,,,,,,,,,,,,,,,,,,,,,,,,,0,0,0,0,0,
PS-906,Right One-Arm Chaise with Bumper,,,,,,,,,,,,,,,,,,,,,,,,,,,0,0,0,0,0,
PS-906,Right One-Arm Loveseat,,,,,,,,,,,,,,,,,,,,,,,,,,,0,0,0,0,0,
PS-906,Right One-Arm Sofa,,,,,,,,,,,,,,,,,,,,,,,,,,,0,0,0,0,0,
PS-906,Sofa,,,,,,,,,,,,,,,,,,,,,,,,,,,0,0,0,0,0,
PS-906,Sofa,,,,,,,,,,,,,,,,,,,,,,,,,,,0,0,0,0,0,
T-104,Accent Pillow,,,,,,,,,,,,,,,,,,,,,,,,,,,0,0,0,0,0,
T-104,Accent Pillow,,,,,,,,,,,,,,,,,,,,,,,,,,,0,0,0,0,0,
T-104,Accent Pillow Case (Box),,,,,,,,,,,,,,,,,,,,,,,,,,,0,0,0,0,0,
T-104,Back Pillow Case (Tapered),,,,,,,,,,,,,,,,,,,,,,,,,,,0,0,0,0,0,
T-104,Console,,,,,,,,,,,,,,,,,,,,,,,,,,,0,0,0,0,0,
T-104,Corner Pillow,,,,,,,,,,,,,,,,,,,,,,,,,,,0,0,0,0,0,
TDW-1202,Coffee Table,,,,,,,,,,,,,,,,,,,,,,,,,,,0,0,0,0,0,
TDW-1203,Coffee Table,,,,,,,,,,,,,,,,,,,,,,,,,,,0,0,0,0,0,
TDW-1204,Coffee Table,,,,,,,,,,,,,,,,,,,,,,,,,,,0,0,0,0,0,
TDW-1205,Coffee Table,,,,,,,,,,,,,,,,,,,,,,,,,,,0,0,0,0,0,
TDW-1207,Coffee Table,,,,,,,,,,,,,,,,,,,,,,,,,,,0,0,0,0,0,
TDW-1209,Side Table\r,,,,,,,,,,,,,,,,,,,,,,,,,,,0,0,0,0,0,
TDW-1210,Coffee Table,,,,,,,,,,,,,,,,,,,,,,,,,,,0,0,0,0,0,
TDW-1211,Coffee Table,,,,,,,,,,,,,,,,,,,,,,,,,,,0,0,0,0,0,
TDW-1213,Coffee Table,,,,,,,,,,,,,,,,,,,,,,,,,,,0,0,0,0,0,
TWD-1201,Side Table\r,,,,,,,,,,,,,,,,,,,,,,,,,,,0,0,0,0,0,
,,,,,,,,,,,,,,,,,,,,,,,,,,,,0,0,0,0,0,